ISO-10303-21;
HEADER;
/* Generated by software containing ST-Developer
 * from STEP Tools, Inc. (www.steptools.com) 
 */

FILE_DESCRIPTION(
/* description */ (''),
/* implementation_level */ '2;1');

FILE_NAME(
/* name */ 'Thermometer top part new.step',
/* time_stamp */ '2026-06-08T16:35:57+05:30',
/* author */ (''),
/* organization */ (''),
/* preprocessor_version */ 'ST-DEVELOPER v20.1',
/* originating_system */ 'Autodesk Translation Framework v15.8.0.0',
/* authorisation */ '');

FILE_SCHEMA (('AUTOMOTIVE_DESIGN { 1 0 10303 214 3 1 1 }'));
ENDSEC;

DATA;
#10=MECHANICAL_DESIGN_GEOMETRIC_PRESENTATION_REPRESENTATION('',(#24,#25,
#26,#27),#2591);
#11=SHAPE_REPRESENTATION_RELATIONSHIP('SRR','None',#2598,#12);
#12=ADVANCED_BREP_SHAPE_REPRESENTATION('',(#28,#29,#30,#31),#2590);
#13=CONICAL_SURFACE('',#1667,9.,0.11693705988362);
#14=FACE_BOUND('',#217,.T.);
#15=FACE_BOUND('',#235,.T.);
#16=FACE_BOUND('',#247,.T.);
#17=FACE_BOUND('',#249,.T.);
#18=FACE_BOUND('',#253,.T.);
#19=FACE_BOUND('',#257,.T.);
#20=FACE_BOUND('',#258,.T.);
#21=FACE_BOUND('',#259,.T.);
#22=FACE_BOUND('',#262,.T.);
#23=FACE_BOUND('',#265,.T.);
#24=STYLED_ITEM('',(#2607),#28);
#25=STYLED_ITEM('',(#2607),#29);
#26=STYLED_ITEM('',(#2607),#30);
#27=STYLED_ITEM('',(#2607),#31);
#28=MANIFOLD_SOLID_BREP('Body6',#1495);
#29=MANIFOLD_SOLID_BREP('Body7',#1496);
#30=MANIFOLD_SOLID_BREP('Body8',#1497);
#31=MANIFOLD_SOLID_BREP('Body9',#1498);
#32=PLANE('',#1531);
#33=PLANE('',#1533);
#34=PLANE('',#1535);
#35=PLANE('',#1537);
#36=PLANE('',#1539);
#37=PLANE('',#1540);
#38=PLANE('',#1541);
#39=PLANE('',#1543);
#40=PLANE('',#1545);
#41=PLANE('',#1546);
#42=PLANE('',#1547);
#43=PLANE('',#1548);
#44=PLANE('',#1549);
#45=PLANE('',#1551);
#46=PLANE('',#1555);
#47=PLANE('',#1560);
#48=PLANE('',#1563);
#49=PLANE('',#1567);
#50=PLANE('',#1568);
#51=PLANE('',#1569);
#52=PLANE('',#1572);
#53=PLANE('',#1575);
#54=PLANE('',#1593);
#55=PLANE('',#1595);
#56=PLANE('',#1597);
#57=PLANE('',#1600);
#58=PLANE('',#1601);
#59=PLANE('',#1607);
#60=PLANE('',#1608);
#61=PLANE('',#1609);
#62=PLANE('',#1610);
#63=PLANE('',#1612);
#64=PLANE('',#1614);
#65=PLANE('',#1618);
#66=PLANE('',#1626);
#67=PLANE('',#1630);
#68=PLANE('',#1631);
#69=PLANE('',#1632);
#70=PLANE('',#1633);
#71=PLANE('',#1636);
#72=PLANE('',#1637);
#73=PLANE('',#1638);
#74=PLANE('',#1639);
#75=PLANE('',#1640);
#76=PLANE('',#1641);
#77=PLANE('',#1648);
#78=PLANE('',#1649);
#79=PLANE('',#1650);
#80=PLANE('',#1651);
#81=PLANE('',#1652);
#82=PLANE('',#1653);
#83=PLANE('',#1654);
#84=PLANE('',#1655);
#85=PLANE('',#1656);
#86=PLANE('',#1657);
#87=PLANE('',#1661);
#88=PLANE('',#1665);
#89=FACE_OUTER_BOUND('',#173,.T.);
#90=FACE_OUTER_BOUND('',#174,.T.);
#91=FACE_OUTER_BOUND('',#175,.T.);
#92=FACE_OUTER_BOUND('',#176,.T.);
#93=FACE_OUTER_BOUND('',#177,.T.);
#94=FACE_OUTER_BOUND('',#178,.T.);
#95=FACE_OUTER_BOUND('',#179,.T.);
#96=FACE_OUTER_BOUND('',#180,.T.);
#97=FACE_OUTER_BOUND('',#181,.T.);
#98=FACE_OUTER_BOUND('',#182,.T.);
#99=FACE_OUTER_BOUND('',#183,.T.);
#100=FACE_OUTER_BOUND('',#184,.T.);
#101=FACE_OUTER_BOUND('',#185,.T.);
#102=FACE_OUTER_BOUND('',#186,.T.);
#103=FACE_OUTER_BOUND('',#187,.T.);
#104=FACE_OUTER_BOUND('',#188,.T.);
#105=FACE_OUTER_BOUND('',#189,.T.);
#106=FACE_OUTER_BOUND('',#190,.T.);
#107=FACE_OUTER_BOUND('',#191,.T.);
#108=FACE_OUTER_BOUND('',#192,.T.);
#109=FACE_OUTER_BOUND('',#193,.T.);
#110=FACE_OUTER_BOUND('',#194,.T.);
#111=FACE_OUTER_BOUND('',#195,.T.);
#112=FACE_OUTER_BOUND('',#196,.T.);
#113=FACE_OUTER_BOUND('',#197,.T.);
#114=FACE_OUTER_BOUND('',#198,.T.);
#115=FACE_OUTER_BOUND('',#199,.T.);
#116=FACE_OUTER_BOUND('',#200,.T.);
#117=FACE_OUTER_BOUND('',#201,.T.);
#118=FACE_OUTER_BOUND('',#202,.T.);
#119=FACE_OUTER_BOUND('',#203,.T.);
#120=FACE_OUTER_BOUND('',#204,.T.);
#121=FACE_OUTER_BOUND('',#205,.T.);
#122=FACE_OUTER_BOUND('',#206,.T.);
#123=FACE_OUTER_BOUND('',#207,.T.);
#124=FACE_OUTER_BOUND('',#208,.T.);
#125=FACE_OUTER_BOUND('',#209,.T.);
#126=FACE_OUTER_BOUND('',#210,.T.);
#127=FACE_OUTER_BOUND('',#211,.T.);
#128=FACE_OUTER_BOUND('',#212,.T.);
#129=FACE_OUTER_BOUND('',#213,.T.);
#130=FACE_OUTER_BOUND('',#214,.T.);
#131=FACE_OUTER_BOUND('',#215,.T.);
#132=FACE_OUTER_BOUND('',#216,.T.);
#133=FACE_OUTER_BOUND('',#218,.T.);
#134=FACE_OUTER_BOUND('',#219,.T.);
#135=FACE_OUTER_BOUND('',#220,.T.);
#136=FACE_OUTER_BOUND('',#221,.T.);
#137=FACE_OUTER_BOUND('',#222,.T.);
#138=FACE_OUTER_BOUND('',#223,.T.);
#139=FACE_OUTER_BOUND('',#224,.T.);
#140=FACE_OUTER_BOUND('',#225,.T.);
#141=FACE_OUTER_BOUND('',#226,.T.);
#142=FACE_OUTER_BOUND('',#227,.T.);
#143=FACE_OUTER_BOUND('',#228,.T.);
#144=FACE_OUTER_BOUND('',#229,.T.);
#145=FACE_OUTER_BOUND('',#230,.T.);
#146=FACE_OUTER_BOUND('',#231,.T.);
#147=FACE_OUTER_BOUND('',#232,.T.);
#148=FACE_OUTER_BOUND('',#233,.T.);
#149=FACE_OUTER_BOUND('',#234,.T.);
#150=FACE_OUTER_BOUND('',#236,.T.);
#151=FACE_OUTER_BOUND('',#237,.T.);
#152=FACE_OUTER_BOUND('',#238,.T.);
#153=FACE_OUTER_BOUND('',#239,.T.);
#154=FACE_OUTER_BOUND('',#240,.T.);
#155=FACE_OUTER_BOUND('',#241,.T.);
#156=FACE_OUTER_BOUND('',#242,.T.);
#157=FACE_OUTER_BOUND('',#243,.T.);
#158=FACE_OUTER_BOUND('',#244,.T.);
#159=FACE_OUTER_BOUND('',#245,.T.);
#160=FACE_OUTER_BOUND('',#246,.T.);
#161=FACE_OUTER_BOUND('',#248,.T.);
#162=FACE_OUTER_BOUND('',#250,.T.);
#163=FACE_OUTER_BOUND('',#251,.T.);
#164=FACE_OUTER_BOUND('',#252,.T.);
#165=FACE_OUTER_BOUND('',#254,.T.);
#166=FACE_OUTER_BOUND('',#255,.T.);
#167=FACE_OUTER_BOUND('',#256,.T.);
#168=FACE_OUTER_BOUND('',#260,.T.);
#169=FACE_OUTER_BOUND('',#261,.T.);
#170=FACE_OUTER_BOUND('',#263,.T.);
#171=FACE_OUTER_BOUND('',#264,.T.);
#172=FACE_OUTER_BOUND('',#266,.T.);
#173=EDGE_LOOP('',(#955,#956,#957,#958));
#174=EDGE_LOOP('',(#959,#960,#961,#962,#963));
#175=EDGE_LOOP('',(#964,#965,#966,#967));
#176=EDGE_LOOP('',(#968,#969,#970,#971,#972));
#177=EDGE_LOOP('',(#973,#974,#975,#976,#977,#978,#979,#980));
#178=EDGE_LOOP('',(#981,#982,#983,#984));
#179=EDGE_LOOP('',(#985,#986,#987,#988,#989,#990,#991,#992,#993));
#180=EDGE_LOOP('',(#994,#995,#996,#997));
#181=EDGE_LOOP('',(#998,#999,#1000,#1001,#1002,#1003,#1004,#1005));
#182=EDGE_LOOP('',(#1006,#1007,#1008,#1009));
#183=EDGE_LOOP('',(#1010,#1011,#1012,#1013,#1014));
#184=EDGE_LOOP('',(#1015,#1016,#1017));
#185=EDGE_LOOP('',(#1018,#1019,#1020));
#186=EDGE_LOOP('',(#1021,#1022,#1023,#1024,#1025));
#187=EDGE_LOOP('',(#1026,#1027,#1028,#1029));
#188=EDGE_LOOP('',(#1030,#1031,#1032,#1033));
#189=EDGE_LOOP('',(#1034,#1035,#1036,#1037,#1038));
#190=EDGE_LOOP('',(#1039,#1040,#1041));
#191=EDGE_LOOP('',(#1042,#1043,#1044));
#192=EDGE_LOOP('',(#1045,#1046,#1047,#1048));
#193=EDGE_LOOP('',(#1049,#1050,#1051));
#194=EDGE_LOOP('',(#1052,#1053,#1054,#1055,#1056));
#195=EDGE_LOOP('',(#1057,#1058,#1059));
#196=EDGE_LOOP('',(#1060,#1061,#1062,#1063));
#197=EDGE_LOOP('',(#1064,#1065,#1066));
#198=EDGE_LOOP('',(#1067,#1068,#1069,#1070,#1071));
#199=EDGE_LOOP('',(#1072,#1073,#1074,#1075,#1076));
#200=EDGE_LOOP('',(#1077,#1078,#1079,#1080,#1081,#1082,#1083,#1084));
#201=EDGE_LOOP('',(#1085,#1086,#1087,#1088,#1089));
#202=EDGE_LOOP('',(#1090,#1091,#1092,#1093,#1094,#1095,#1096,#1097,#1098,
#1099,#1100,#1101,#1102,#1103,#1104,#1105,#1106,#1107,#1108,#1109));
#203=EDGE_LOOP('',(#1110,#1111));
#204=EDGE_LOOP('',(#1112,#1113,#1114,#1115,#1116,#1117,#1118,#1119,#1120,
#1121,#1122));
#205=EDGE_LOOP('',(#1123,#1124));
#206=EDGE_LOOP('',(#1125,#1126,#1127,#1128,#1129));
#207=EDGE_LOOP('',(#1130,#1131,#1132,#1133,#1134));
#208=EDGE_LOOP('',(#1135,#1136,#1137,#1138));
#209=EDGE_LOOP('',(#1139,#1140,#1141,#1142));
#210=EDGE_LOOP('',(#1143,#1144,#1145,#1146));
#211=EDGE_LOOP('',(#1147,#1148,#1149,#1150));
#212=EDGE_LOOP('',(#1151,#1152,#1153,#1154,#1155,#1156));
#213=EDGE_LOOP('',(#1157,#1158,#1159,#1160));
#214=EDGE_LOOP('',(#1161,#1162,#1163,#1164));
#215=EDGE_LOOP('',(#1165,#1166,#1167,#1168));
#216=EDGE_LOOP('',(#1169,#1170,#1171,#1172,#1173,#1174,#1175,#1176));
#217=EDGE_LOOP('',(#1177,#1178,#1179,#1180,#1181,#1182));
#218=EDGE_LOOP('',(#1183,#1184,#1185,#1186));
#219=EDGE_LOOP('',(#1187,#1188,#1189,#1190,#1191,#1192));
#220=EDGE_LOOP('',(#1193,#1194,#1195,#1196));
#221=EDGE_LOOP('',(#1197,#1198,#1199,#1200));
#222=EDGE_LOOP('',(#1201,#1202,#1203,#1204));
#223=EDGE_LOOP('',(#1205,#1206,#1207));
#224=EDGE_LOOP('',(#1208,#1209,#1210,#1211,#1212));
#225=EDGE_LOOP('',(#1213,#1214,#1215));
#226=EDGE_LOOP('',(#1216,#1217,#1218,#1219,#1220));
#227=EDGE_LOOP('',(#1221,#1222,#1223,#1224));
#228=EDGE_LOOP('',(#1225,#1226,#1227));
#229=EDGE_LOOP('',(#1228,#1229,#1230,#1231));
#230=EDGE_LOOP('',(#1232,#1233,#1234));
#231=EDGE_LOOP('',(#1235,#1236,#1237,#1238,#1239));
#232=EDGE_LOOP('',(#1240,#1241,#1242,#1243,#1244,#1245,#1246,#1247,#1248,
#1249));
#233=EDGE_LOOP('',(#1250,#1251,#1252,#1253,#1254));
#234=EDGE_LOOP('',(#1255,#1256,#1257,#1258,#1259,#1260,#1261,#1262,#1263,
#1264,#1265,#1266,#1267,#1268,#1269,#1270,#1271,#1272,#1273,#1274));
#235=EDGE_LOOP('',(#1275,#1276,#1277,#1278,#1279,#1280));
#236=EDGE_LOOP('',(#1281,#1282));
#237=EDGE_LOOP('',(#1283,#1284));
#238=EDGE_LOOP('',(#1285,#1286,#1287,#1288));
#239=EDGE_LOOP('',(#1289,#1290,#1291,#1292));
#240=EDGE_LOOP('',(#1293,#1294,#1295,#1296));
#241=EDGE_LOOP('',(#1297,#1298,#1299,#1300));
#242=EDGE_LOOP('',(#1301,#1302,#1303,#1304));
#243=EDGE_LOOP('',(#1305,#1306,#1307,#1308));
#244=EDGE_LOOP('',(#1309,#1310,#1311,#1312));
#245=EDGE_LOOP('',(#1313,#1314,#1315,#1316,#1317,#1318,#1319,#1320));
#246=EDGE_LOOP('',(#1321,#1322,#1323,#1324));
#247=EDGE_LOOP('',(#1325));
#248=EDGE_LOOP('',(#1326,#1327,#1328,#1329));
#249=EDGE_LOOP('',(#1330));
#250=EDGE_LOOP('',(#1331,#1332,#1333,#1334,#1335,#1336,#1337,#1338));
#251=EDGE_LOOP('',(#1339,#1340,#1341,#1342));
#252=EDGE_LOOP('',(#1343,#1344,#1345,#1346));
#253=EDGE_LOOP('',(#1347,#1348,#1349,#1350));
#254=EDGE_LOOP('',(#1351,#1352,#1353,#1354));
#255=EDGE_LOOP('',(#1355,#1356,#1357,#1358));
#256=EDGE_LOOP('',(#1359,#1360,#1361,#1362));
#257=EDGE_LOOP('',(#1363,#1364,#1365,#1366));
#258=EDGE_LOOP('',(#1367));
#259=EDGE_LOOP('',(#1368));
#260=EDGE_LOOP('',(#1369,#1370,#1371,#1372));
#261=EDGE_LOOP('',(#1373));
#262=EDGE_LOOP('',(#1374));
#263=EDGE_LOOP('',(#1375,#1376,#1377,#1378));
#264=EDGE_LOOP('',(#1379));
#265=EDGE_LOOP('',(#1380));
#266=EDGE_LOOP('',(#1381,#1382,#1383,#1384));
#267=B_SPLINE_CURVE_WITH_KNOTS('',3,(#2117,#2118,#2119,#2120),
 .UNSPECIFIED.,.F.,.F.,(4,4),(0.999514858124274,1.11137651577666),
 .UNSPECIFIED.);
#268=B_SPLINE_CURVE_WITH_KNOTS('',3,(#2131,#2132,#2133,#2134),
 .UNSPECIFIED.,.F.,.F.,(4,4),(0.999514858124274,1.11137651577666),
 .UNSPECIFIED.);
#269=B_SPLINE_CURVE_WITH_KNOTS('',3,(#2143,#2144,#2145,#2146),
 .UNSPECIFIED.,.F.,.F.,(4,4),(0.999514858124274,1.11137651577666),
 .UNSPECIFIED.);
#270=B_SPLINE_CURVE_WITH_KNOTS('',3,(#2157,#2158,#2159,#2160),
 .UNSPECIFIED.,.F.,.F.,(4,4),(0.999514858124274,1.11137651577666),
 .UNSPECIFIED.);
#271=B_SPLINE_CURVE_WITH_KNOTS('',3,(#2243,#2244,#2245,#2246),
 .UNSPECIFIED.,.F.,.F.,(4,4),(0.,0.111861657652386),.UNSPECIFIED.);
#272=B_SPLINE_CURVE_WITH_KNOTS('',3,(#2253,#2254,#2255,#2256),
 .UNSPECIFIED.,.F.,.F.,(4,4),(0.,0.111861657652386),.UNSPECIFIED.);
#273=B_SPLINE_CURVE_WITH_KNOTS('',3,(#2265,#2266,#2267,#2268),
 .UNSPECIFIED.,.F.,.F.,(4,4),(0.,0.111861657652386),.UNSPECIFIED.);
#274=B_SPLINE_CURVE_WITH_KNOTS('',3,(#2274,#2275,#2276,#2277),
 .UNSPECIFIED.,.F.,.F.,(4,4),(0.,0.111861657652386),.UNSPECIFIED.);
#275=B_SPLINE_CURVE_WITH_KNOTS('',3,(#2311,#2312,#2313,#2314),
 .UNSPECIFIED.,.F.,.F.,(4,4),(0.998864856124973,1.10076428220815),
 .UNSPECIFIED.);
#276=B_SPLINE_CURVE_WITH_KNOTS('',3,(#2325,#2326,#2327,#2328),
 .UNSPECIFIED.,.F.,.F.,(4,4),(0.998864856124973,1.10076428220815),
 .UNSPECIFIED.);
#277=B_SPLINE_CURVE_WITH_KNOTS('',3,(#2337,#2338,#2339,#2340),
 .UNSPECIFIED.,.F.,.F.,(4,4),(0.998864856124972,1.10076428220815),
 .UNSPECIFIED.);
#278=B_SPLINE_CURVE_WITH_KNOTS('',3,(#2349,#2350,#2351,#2352),
 .UNSPECIFIED.,.F.,.F.,(4,4),(0.998864856124973,1.10076428220815),
 .UNSPECIFIED.);
#279=B_SPLINE_CURVE_WITH_KNOTS('',3,(#2433,#2434,#2435,#2436),
 .UNSPECIFIED.,.F.,.F.,(4,4),(0.,0.101899426083172),.UNSPECIFIED.);
#280=B_SPLINE_CURVE_WITH_KNOTS('',3,(#2443,#2444,#2445,#2446),
 .UNSPECIFIED.,.F.,.F.,(4,4),(0.,0.101899426083172),.UNSPECIFIED.);
#281=B_SPLINE_CURVE_WITH_KNOTS('',3,(#2452,#2453,#2454,#2455),
 .UNSPECIFIED.,.F.,.F.,(4,4),(0.,0.101899426083172),.UNSPECIFIED.);
#282=B_SPLINE_CURVE_WITH_KNOTS('',3,(#2462,#2463,#2464,#2465),
 .UNSPECIFIED.,.F.,.F.,(4,4),(0.,0.101899426083173),.UNSPECIFIED.);
#283=CIRCLE('',#1513,2.5);
#284=CIRCLE('',#1514,2.5);
#285=CIRCLE('',#1516,2.5);
#286=CIRCLE('',#1517,2.5);
#287=CIRCLE('',#1518,2.5);
#288=CIRCLE('',#1520,2.5);
#289=CIRCLE('',#1521,2.5);
#290=CIRCLE('',#1523,2.5);
#291=CIRCLE('',#1524,2.5);
#292=CIRCLE('',#1525,2.5);
#293=CIRCLE('',#1527,5.);
#294=CIRCLE('',#1528,5.);
#295=CIRCLE('',#1529,5.);
#296=CIRCLE('',#1530,5.);
#297=CIRCLE('',#1532,20.0625);
#298=CIRCLE('',#1534,2.5);
#299=CIRCLE('',#1536,25.0625);
#300=CIRCLE('',#1538,2.5);
#301=CIRCLE('',#1542,20.0625);
#302=CIRCLE('',#1544,20.0625);
#303=CIRCLE('',#1550,20.0625);
#304=CIRCLE('',#1552,2.5);
#305=CIRCLE('',#1554,2.5);
#306=CIRCLE('',#1556,2.5);
#307=CIRCLE('',#1558,2.5);
#308=CIRCLE('',#1559,2.5);
#309=CIRCLE('',#1561,2.5);
#310=CIRCLE('',#1564,2.5);
#311=CIRCLE('',#1566,2.5);
#312=CIRCLE('',#1571,25.0625);
#313=CIRCLE('',#1574,20.0625);
#314=CIRCLE('',#1577,2.5);
#315=CIRCLE('',#1578,2.5);
#316=CIRCLE('',#1579,2.5);
#317=CIRCLE('',#1581,2.5);
#318=CIRCLE('',#1582,2.5);
#319=CIRCLE('',#1583,2.5);
#320=CIRCLE('',#1585,2.5);
#321=CIRCLE('',#1586,2.5);
#322=CIRCLE('',#1588,2.5);
#323=CIRCLE('',#1589,2.5);
#324=CIRCLE('',#1591,5.);
#325=CIRCLE('',#1592,5.);
#326=CIRCLE('',#1594,25.0625);
#327=CIRCLE('',#1596,2.5);
#328=CIRCLE('',#1598,25.0625);
#329=CIRCLE('',#1599,20.0625);
#330=CIRCLE('',#1603,20.0625);
#331=CIRCLE('',#1604,20.0625);
#332=CIRCLE('',#1605,20.0625);
#333=CIRCLE('',#1606,20.0625);
#334=CIRCLE('',#1611,25.0625);
#335=CIRCLE('',#1613,25.0625);
#336=CIRCLE('',#1615,2.5);
#337=CIRCLE('',#1617,2.5);
#338=CIRCLE('',#1619,2.5);
#339=CIRCLE('',#1621,2.5);
#340=CIRCLE('',#1622,2.5);
#341=CIRCLE('',#1624,2.5);
#342=CIRCLE('',#1625,2.5);
#343=CIRCLE('',#1628,2.5);
#344=CIRCLE('',#1629,2.5);
#345=CIRCLE('',#1635,25.0625);
#346=CIRCLE('',#1643,2.);
#347=CIRCLE('',#1644,2.);
#348=CIRCLE('',#1646,1.99999999999999);
#349=CIRCLE('',#1647,1.99999999999999);
#350=CIRCLE('',#1659,8.06021598883496);
#351=CIRCLE('',#1660,8.06021598883496);
#352=CIRCLE('',#1662,5.);
#353=CIRCLE('',#1664,5.);
#354=CIRCLE('',#1666,9.);
#355=LINE('',#2113,#482);
#356=LINE('',#2125,#483);
#357=LINE('',#2139,#484);
#358=LINE('',#2151,#485);
#359=LINE('',#2167,#486);
#360=LINE('',#2171,#487);
#361=LINE('',#2175,#488);
#362=LINE('',#2178,#489);
#363=LINE('',#2181,#490);
#364=LINE('',#2184,#491);
#365=LINE('',#2187,#492);
#366=LINE('',#2188,#493);
#367=LINE('',#2192,#494);
#368=LINE('',#2194,#495);
#369=LINE('',#2196,#496);
#370=LINE('',#2197,#497);
#371=LINE('',#2200,#498);
#372=LINE('',#2204,#499);
#373=LINE('',#2206,#500);
#374=LINE('',#2207,#501);
#375=LINE('',#2209,#502);
#376=LINE('',#2212,#503);
#377=LINE('',#2213,#504);
#378=LINE('',#2216,#505);
#379=LINE('',#2217,#506);
#380=LINE('',#2222,#507);
#381=LINE('',#2223,#508);
#382=LINE('',#2226,#509);
#383=LINE('',#2229,#510);
#384=LINE('',#2230,#511);
#385=LINE('',#2232,#512);
#386=LINE('',#2235,#513);
#387=LINE('',#2240,#514);
#388=LINE('',#2250,#515);
#389=LINE('',#2262,#516);
#390=LINE('',#2271,#517);
#391=LINE('',#2280,#518);
#392=LINE('',#2281,#519);
#393=LINE('',#2284,#520);
#394=LINE('',#2286,#521);
#395=LINE('',#2287,#522);
#396=LINE('',#2289,#523);
#397=LINE('',#2291,#524);
#398=LINE('',#2292,#525);
#399=LINE('',#2294,#526);
#400=LINE('',#2295,#527);
#401=LINE('',#2305,#528);
#402=LINE('',#2319,#529);
#403=LINE('',#2333,#530);
#404=LINE('',#2345,#531);
#405=LINE('',#2357,#532);
#406=LINE('',#2361,#533);
#407=LINE('',#2365,#534);
#408=LINE('',#2368,#535);
#409=LINE('',#2371,#536);
#410=LINE('',#2373,#537);
#411=LINE('',#2375,#538);
#412=LINE('',#2381,#539);
#413=LINE('',#2384,#540);
#414=LINE('',#2387,#541);
#415=LINE('',#2389,#542);
#416=LINE('',#2390,#543);
#417=LINE('',#2393,#544);
#418=LINE('',#2395,#545);
#419=LINE('',#2396,#546);
#420=LINE('',#2400,#547);
#421=LINE('',#2401,#548);
#422=LINE('',#2404,#549);
#423=LINE('',#2405,#550);
#424=LINE('',#2407,#551);
#425=LINE('',#2412,#552);
#426=LINE('',#2415,#553);
#427=LINE('',#2417,#554);
#428=LINE('',#2421,#555);
#429=LINE('',#2422,#556);
#430=LINE('',#2423,#557);
#431=LINE('',#2430,#558);
#432=LINE('',#2440,#559);
#433=LINE('',#2458,#560);
#434=LINE('',#2468,#561);
#435=LINE('',#2470,#562);
#436=LINE('',#2472,#563);
#437=LINE('',#2474,#564);
#438=LINE('',#2476,#565);
#439=LINE('',#2477,#566);
#440=LINE('',#2479,#567);
#441=LINE('',#2487,#568);
#442=LINE('',#2489,#569);
#443=LINE('',#2491,#570);
#444=LINE('',#2492,#571);
#445=LINE('',#2495,#572);
#446=LINE('',#2497,#573);
#447=LINE('',#2498,#574);
#448=LINE('',#2501,#575);
#449=LINE('',#2503,#576);
#450=LINE('',#2504,#577);
#451=LINE('',#2506,#578);
#452=LINE('',#2507,#579);
#453=LINE('',#2512,#580);
#454=LINE('',#2518,#581);
#455=LINE('',#2523,#582);
#456=LINE('',#2525,#583);
#457=LINE('',#2527,#584);
#458=LINE('',#2528,#585);
#459=LINE('',#2532,#586);
#460=LINE('',#2533,#587);
#461=LINE('',#2535,#588);
#462=LINE('',#2537,#589);
#463=LINE('',#2539,#590);
#464=LINE('',#2541,#591);
#465=LINE('',#2542,#592);
#466=LINE('',#2545,#593);
#467=LINE('',#2546,#594);
#468=LINE('',#2549,#595);
#469=LINE('',#2551,#596);
#470=LINE('',#2552,#597);
#471=LINE('',#2555,#598);
#472=LINE('',#2556,#599);
#473=LINE('',#2558,#600);
#474=LINE('',#2560,#601);
#475=LINE('',#2561,#602);
#476=LINE('',#2563,#603);
#477=LINE('',#2566,#604);
#478=LINE('',#2568,#605);
#479=LINE('',#2574,#606);
#480=LINE('',#2581,#607);
#481=LINE('',#2587,#608);
#482=VECTOR('',#1672,2.5);
#483=VECTOR('',#1679,2.5);
#484=VECTOR('',#1688,2.5);
#485=VECTOR('',#1695,2.5);
#486=VECTOR('',#1706,10.);
#487=VECTOR('',#1709,10.);
#488=VECTOR('',#1712,10.);
#489=VECTOR('',#1715,10.);
#490=VECTOR('',#1718,10.);
#491=VECTOR('',#1721,10.);
#492=VECTOR('',#1724,10.);
#493=VECTOR('',#1725,10.);
#494=VECTOR('',#1728,10.);
#495=VECTOR('',#1729,10.);
#496=VECTOR('',#1730,10.);
#497=VECTOR('',#1731,10.);
#498=VECTOR('',#1734,10.);
#499=VECTOR('',#1739,10.);
#500=VECTOR('',#1740,10.);
#501=VECTOR('',#1741,10.);
#502=VECTOR('',#1744,10.);
#503=VECTOR('',#1747,10.);
#504=VECTOR('',#1748,10.);
#505=VECTOR('',#1751,10.);
#506=VECTOR('',#1752,10.);
#507=VECTOR('',#1757,10.);
#508=VECTOR('',#1758,10.);
#509=VECTOR('',#1763,10.);
#510=VECTOR('',#1766,10.);
#511=VECTOR('',#1767,10.);
#512=VECTOR('',#1770,10.);
#513=VECTOR('',#1775,10.);
#514=VECTOR('',#1782,10.);
#515=VECTOR('',#1791,10.);
#516=VECTOR('',#1802,10.);
#517=VECTOR('',#1809,10.);
#518=VECTOR('',#1818,10.);
#519=VECTOR('',#1819,10.);
#520=VECTOR('',#1822,10.);
#521=VECTOR('',#1823,10.);
#522=VECTOR('',#1824,10.);
#523=VECTOR('',#1825,10.);
#524=VECTOR('',#1826,10.);
#525=VECTOR('',#1827,10.);
#526=VECTOR('',#1830,10.);
#527=VECTOR('',#1831,10.);
#528=VECTOR('',#1846,2.5);
#529=VECTOR('',#1855,2.5);
#530=VECTOR('',#1864,2.5);
#531=VECTOR('',#1871,2.5);
#532=VECTOR('',#1878,10.);
#533=VECTOR('',#1881,10.);
#534=VECTOR('',#1886,10.);
#535=VECTOR('',#1889,10.);
#536=VECTOR('',#1892,10.);
#537=VECTOR('',#1893,10.);
#538=VECTOR('',#1896,10.);
#539=VECTOR('',#1901,10.);
#540=VECTOR('',#1904,10.);
#541=VECTOR('',#1907,10.);
#542=VECTOR('',#1908,10.);
#543=VECTOR('',#1909,10.);
#544=VECTOR('',#1912,10.);
#545=VECTOR('',#1913,10.);
#546=VECTOR('',#1914,10.);
#547=VECTOR('',#1917,10.);
#548=VECTOR('',#1918,10.);
#549=VECTOR('',#1921,10.);
#550=VECTOR('',#1922,10.);
#551=VECTOR('',#1923,10.);
#552=VECTOR('',#1928,10.);
#553=VECTOR('',#1933,10.);
#554=VECTOR('',#1936,10.);
#555=VECTOR('',#1939,10.);
#556=VECTOR('',#1940,10.);
#557=VECTOR('',#1941,10.);
#558=VECTOR('',#1952,10.);
#559=VECTOR('',#1961,10.);
#560=VECTOR('',#1978,10.);
#561=VECTOR('',#1987,10.);
#562=VECTOR('',#1990,10.);
#563=VECTOR('',#1993,10.);
#564=VECTOR('',#1994,10.);
#565=VECTOR('',#1995,10.);
#566=VECTOR('',#1996,10.);
#567=VECTOR('',#1999,10.);
#568=VECTOR('',#2010,10.);
#569=VECTOR('',#2011,10.);
#570=VECTOR('',#2012,10.);
#571=VECTOR('',#2013,10.);
#572=VECTOR('',#2016,10.);
#573=VECTOR('',#2017,10.);
#574=VECTOR('',#2018,10.);
#575=VECTOR('',#2021,10.);
#576=VECTOR('',#2022,10.);
#577=VECTOR('',#2023,10.);
#578=VECTOR('',#2026,10.);
#579=VECTOR('',#2027,10.);
#580=VECTOR('',#2032,2.);
#581=VECTOR('',#2039,1.99999999999999);
#582=VECTOR('',#2044,10.);
#583=VECTOR('',#2045,10.);
#584=VECTOR('',#2046,10.);
#585=VECTOR('',#2047,10.);
#586=VECTOR('',#2050,10.);
#587=VECTOR('',#2051,10.);
#588=VECTOR('',#2052,10.);
#589=VECTOR('',#2053,10.);
#590=VECTOR('',#2054,10.);
#591=VECTOR('',#2055,10.);
#592=VECTOR('',#2056,10.);
#593=VECTOR('',#2059,10.);
#594=VECTOR('',#2060,10.);
#595=VECTOR('',#2063,10.);
#596=VECTOR('',#2064,10.);
#597=VECTOR('',#2065,10.);
#598=VECTOR('',#2068,10.);
#599=VECTOR('',#2069,10.);
#600=VECTOR('',#2070,10.);
#601=VECTOR('',#2071,10.);
#602=VECTOR('',#2072,10.);
#603=VECTOR('',#2075,10.);
#604=VECTOR('',#2080,10.);
#605=VECTOR('',#2083,10.);
#606=VECTOR('',#2090,8.06021598883496);
#607=VECTOR('',#2099,5.);
#608=VECTOR('',#2108,9.);
#609=VERTEX_POINT('',#2111);
#610=VERTEX_POINT('',#2112);
#611=VERTEX_POINT('',#2114);
#612=VERTEX_POINT('',#2116);
#613=VERTEX_POINT('',#2123);
#614=VERTEX_POINT('',#2124);
#615=VERTEX_POINT('',#2126);
#616=VERTEX_POINT('',#2128);
#617=VERTEX_POINT('',#2130);
#618=VERTEX_POINT('',#2137);
#619=VERTEX_POINT('',#2138);
#620=VERTEX_POINT('',#2140);
#621=VERTEX_POINT('',#2142);
#622=VERTEX_POINT('',#2149);
#623=VERTEX_POINT('',#2150);
#624=VERTEX_POINT('',#2152);
#625=VERTEX_POINT('',#2154);
#626=VERTEX_POINT('',#2156);
#627=VERTEX_POINT('',#2163);
#628=VERTEX_POINT('',#2164);
#629=VERTEX_POINT('',#2166);
#630=VERTEX_POINT('',#2168);
#631=VERTEX_POINT('',#2170);
#632=VERTEX_POINT('',#2172);
#633=VERTEX_POINT('',#2174);
#634=VERTEX_POINT('',#2176);
#635=VERTEX_POINT('',#2180);
#636=VERTEX_POINT('',#2182);
#637=VERTEX_POINT('',#2186);
#638=VERTEX_POINT('',#2189);
#639=VERTEX_POINT('',#2191);
#640=VERTEX_POINT('',#2193);
#641=VERTEX_POINT('',#2195);
#642=VERTEX_POINT('',#2199);
#643=VERTEX_POINT('',#2203);
#644=VERTEX_POINT('',#2205);
#645=VERTEX_POINT('',#2211);
#646=VERTEX_POINT('',#2215);
#647=VERTEX_POINT('',#2219);
#648=VERTEX_POINT('',#2221);
#649=VERTEX_POINT('',#2228);
#650=VERTEX_POINT('',#2239);
#651=VERTEX_POINT('',#2249);
#652=VERTEX_POINT('',#2257);
#653=VERTEX_POINT('',#2261);
#654=VERTEX_POINT('',#2270);
#655=VERTEX_POINT('',#2283);
#656=VERTEX_POINT('',#2285);
#657=VERTEX_POINT('',#2288);
#658=VERTEX_POINT('',#2290);
#659=VERTEX_POINT('',#2303);
#660=VERTEX_POINT('',#2304);
#661=VERTEX_POINT('',#2306);
#662=VERTEX_POINT('',#2308);
#663=VERTEX_POINT('',#2310);
#664=VERTEX_POINT('',#2317);
#665=VERTEX_POINT('',#2318);
#666=VERTEX_POINT('',#2320);
#667=VERTEX_POINT('',#2322);
#668=VERTEX_POINT('',#2324);
#669=VERTEX_POINT('',#2331);
#670=VERTEX_POINT('',#2332);
#671=VERTEX_POINT('',#2334);
#672=VERTEX_POINT('',#2336);
#673=VERTEX_POINT('',#2343);
#674=VERTEX_POINT('',#2344);
#675=VERTEX_POINT('',#2346);
#676=VERTEX_POINT('',#2348);
#677=VERTEX_POINT('',#2355);
#678=VERTEX_POINT('',#2356);
#679=VERTEX_POINT('',#2358);
#680=VERTEX_POINT('',#2360);
#681=VERTEX_POINT('',#2364);
#682=VERTEX_POINT('',#2366);
#683=VERTEX_POINT('',#2370);
#684=VERTEX_POINT('',#2372);
#685=VERTEX_POINT('',#2377);
#686=VERTEX_POINT('',#2378);
#687=VERTEX_POINT('',#2380);
#688=VERTEX_POINT('',#2382);
#689=VERTEX_POINT('',#2386);
#690=VERTEX_POINT('',#2388);
#691=VERTEX_POINT('',#2392);
#692=VERTEX_POINT('',#2394);
#693=VERTEX_POINT('',#2398);
#694=VERTEX_POINT('',#2399);
#695=VERTEX_POINT('',#2402);
#696=VERTEX_POINT('',#2406);
#697=VERTEX_POINT('',#2409);
#698=VERTEX_POINT('',#2411);
#699=VERTEX_POINT('',#2419);
#700=VERTEX_POINT('',#2420);
#701=VERTEX_POINT('',#2429);
#702=VERTEX_POINT('',#2439);
#703=VERTEX_POINT('',#2450);
#704=VERTEX_POINT('',#2460);
#705=VERTEX_POINT('',#2473);
#706=VERTEX_POINT('',#2475);
#707=VERTEX_POINT('',#2485);
#708=VERTEX_POINT('',#2486);
#709=VERTEX_POINT('',#2488);
#710=VERTEX_POINT('',#2490);
#711=VERTEX_POINT('',#2494);
#712=VERTEX_POINT('',#2496);
#713=VERTEX_POINT('',#2500);
#714=VERTEX_POINT('',#2502);
#715=VERTEX_POINT('',#2509);
#716=VERTEX_POINT('',#2511);
#717=VERTEX_POINT('',#2515);
#718=VERTEX_POINT('',#2517);
#719=VERTEX_POINT('',#2521);
#720=VERTEX_POINT('',#2522);
#721=VERTEX_POINT('',#2524);
#722=VERTEX_POINT('',#2526);
#723=VERTEX_POINT('',#2530);
#724=VERTEX_POINT('',#2531);
#725=VERTEX_POINT('',#2534);
#726=VERTEX_POINT('',#2536);
#727=VERTEX_POINT('',#2538);
#728=VERTEX_POINT('',#2540);
#729=VERTEX_POINT('',#2544);
#730=VERTEX_POINT('',#2548);
#731=VERTEX_POINT('',#2550);
#732=VERTEX_POINT('',#2554);
#733=VERTEX_POINT('',#2557);
#734=VERTEX_POINT('',#2559);
#735=VERTEX_POINT('',#2571);
#736=VERTEX_POINT('',#2573);
#737=VERTEX_POINT('',#2577);
#738=VERTEX_POINT('',#2580);
#739=VERTEX_POINT('',#2584);
#740=EDGE_CURVE('',#609,#610,#355,.T.);
#741=EDGE_CURVE('',#611,#609,#283,.T.);
#742=EDGE_CURVE('',#612,#611,#267,.T.);
#743=EDGE_CURVE('',#612,#610,#284,.T.);
#744=EDGE_CURVE('',#613,#614,#356,.T.);
#745=EDGE_CURVE('',#615,#613,#285,.T.);
#746=EDGE_CURVE('',#616,#615,#286,.T.);
#747=EDGE_CURVE('',#617,#616,#268,.T.);
#748=EDGE_CURVE('',#617,#614,#287,.T.);
#749=EDGE_CURVE('',#618,#619,#357,.T.);
#750=EDGE_CURVE('',#620,#618,#288,.T.);
#751=EDGE_CURVE('',#621,#620,#269,.T.);
#752=EDGE_CURVE('',#621,#619,#289,.T.);
#753=EDGE_CURVE('',#622,#623,#358,.T.);
#754=EDGE_CURVE('',#624,#622,#290,.T.);
#755=EDGE_CURVE('',#625,#624,#291,.T.);
#756=EDGE_CURVE('',#626,#625,#270,.T.);
#757=EDGE_CURVE('',#626,#623,#292,.T.);
#758=EDGE_CURVE('',#627,#628,#293,.T.);
#759=EDGE_CURVE('',#629,#627,#359,.T.);
#760=EDGE_CURVE('',#630,#629,#294,.T.);
#761=EDGE_CURVE('',#631,#630,#360,.T.);
#762=EDGE_CURVE('',#632,#631,#295,.T.);
#763=EDGE_CURVE('',#633,#632,#361,.T.);
#764=EDGE_CURVE('',#633,#634,#296,.T.);
#765=EDGE_CURVE('',#628,#634,#362,.T.);
#766=EDGE_CURVE('',#633,#635,#363,.T.);
#767=EDGE_CURVE('',#635,#636,#297,.T.);
#768=EDGE_CURVE('',#636,#634,#364,.T.);
#769=EDGE_CURVE('',#630,#637,#365,.T.);
#770=EDGE_CURVE('',#637,#611,#366,.T.);
#771=EDGE_CURVE('',#609,#638,#298,.T.);
#772=EDGE_CURVE('',#638,#639,#367,.T.);
#773=EDGE_CURVE('',#639,#640,#368,.T.);
#774=EDGE_CURVE('',#640,#641,#369,.T.);
#775=EDGE_CURVE('',#641,#631,#370,.T.);
#776=EDGE_CURVE('',#642,#629,#371,.T.);
#777=EDGE_CURVE('',#637,#642,#299,.F.);
#778=EDGE_CURVE('',#627,#643,#372,.T.);
#779=EDGE_CURVE('',#643,#644,#373,.T.);
#780=EDGE_CURVE('',#644,#615,#374,.T.);
#781=EDGE_CURVE('',#613,#616,#300,.T.);
#782=EDGE_CURVE('',#616,#642,#375,.T.);
#783=EDGE_CURVE('',#628,#645,#376,.T.);
#784=EDGE_CURVE('',#643,#645,#377,.T.);
#785=EDGE_CURVE('',#646,#636,#378,.T.);
#786=EDGE_CURVE('',#645,#646,#379,.T.);
#787=EDGE_CURVE('',#647,#635,#301,.T.);
#788=EDGE_CURVE('',#635,#648,#380,.T.);
#789=EDGE_CURVE('',#647,#648,#381,.T.);
#790=EDGE_CURVE('',#636,#644,#302,.T.);
#791=EDGE_CURVE('',#644,#646,#382,.T.);
#792=EDGE_CURVE('',#649,#632,#383,.T.);
#793=EDGE_CURVE('',#648,#649,#384,.T.);
#794=EDGE_CURVE('',#641,#649,#385,.T.);
#795=EDGE_CURVE('',#647,#640,#386,.T.);
#796=EDGE_CURVE('',#639,#647,#303,.T.);
#797=EDGE_CURVE('',#650,#626,#387,.T.);
#798=EDGE_CURVE('',#623,#650,#304,.T.);
#799=EDGE_CURVE('',#625,#650,#271,.T.);
#800=EDGE_CURVE('',#622,#625,#305,.T.);
#801=EDGE_CURVE('',#651,#621,#388,.T.);
#802=EDGE_CURVE('',#619,#651,#306,.T.);
#803=EDGE_CURVE('',#620,#651,#272,.T.);
#804=EDGE_CURVE('',#652,#620,#307,.T.);
#805=EDGE_CURVE('',#618,#652,#308,.T.);
#806=EDGE_CURVE('',#653,#617,#389,.T.);
#807=EDGE_CURVE('',#614,#653,#309,.T.);
#808=EDGE_CURVE('',#616,#653,#273,.T.);
#809=EDGE_CURVE('',#654,#612,#390,.T.);
#810=EDGE_CURVE('',#610,#654,#310,.T.);
#811=EDGE_CURVE('',#611,#654,#274,.T.);
#812=EDGE_CURVE('',#638,#611,#311,.T.);
#813=EDGE_CURVE('',#652,#638,#391,.T.);
#814=EDGE_CURVE('',#611,#620,#392,.T.);
#815=EDGE_CURVE('',#624,#655,#393,.T.);
#816=EDGE_CURVE('',#655,#656,#394,.T.);
#817=EDGE_CURVE('',#656,#652,#395,.T.);
#818=EDGE_CURVE('',#620,#657,#396,.T.);
#819=EDGE_CURVE('',#657,#658,#397,.T.);
#820=EDGE_CURVE('',#658,#625,#398,.T.);
#821=EDGE_CURVE('',#625,#616,#399,.T.);
#822=EDGE_CURVE('',#615,#624,#400,.T.);
#823=EDGE_CURVE('',#657,#658,#312,.F.);
#824=EDGE_CURVE('',#656,#655,#313,.T.);
#825=EDGE_CURVE('',#659,#660,#401,.T.);
#826=EDGE_CURVE('',#661,#659,#314,.T.);
#827=EDGE_CURVE('',#662,#661,#315,.T.);
#828=EDGE_CURVE('',#663,#662,#275,.T.);
#829=EDGE_CURVE('',#663,#660,#316,.T.);
#830=EDGE_CURVE('',#664,#665,#402,.T.);
#831=EDGE_CURVE('',#666,#664,#317,.T.);
#832=EDGE_CURVE('',#667,#666,#318,.T.);
#833=EDGE_CURVE('',#668,#667,#276,.T.);
#834=EDGE_CURVE('',#668,#665,#319,.T.);
#835=EDGE_CURVE('',#669,#670,#403,.T.);
#836=EDGE_CURVE('',#671,#669,#320,.T.);
#837=EDGE_CURVE('',#672,#671,#277,.T.);
#838=EDGE_CURVE('',#672,#670,#321,.T.);
#839=EDGE_CURVE('',#673,#674,#404,.T.);
#840=EDGE_CURVE('',#675,#673,#322,.T.);
#841=EDGE_CURVE('',#676,#675,#278,.T.);
#842=EDGE_CURVE('',#676,#674,#323,.T.);
#843=EDGE_CURVE('',#677,#678,#405,.T.);
#844=EDGE_CURVE('',#679,#677,#324,.T.);
#845=EDGE_CURVE('',#680,#679,#406,.T.);
#846=EDGE_CURVE('',#678,#680,#325,.T.);
#847=EDGE_CURVE('',#680,#681,#407,.T.);
#848=EDGE_CURVE('',#682,#681,#326,.F.);
#849=EDGE_CURVE('',#682,#678,#408,.T.);
#850=EDGE_CURVE('',#683,#679,#409,.T.);
#851=EDGE_CURVE('',#684,#683,#410,.T.);
#852=EDGE_CURVE('',#684,#675,#327,.T.);
#853=EDGE_CURVE('',#681,#675,#411,.T.);
#854=EDGE_CURVE('',#685,#686,#328,.T.);
#855=EDGE_CURVE('',#687,#685,#412,.T.);
#856=EDGE_CURVE('',#688,#687,#329,.T.);
#857=EDGE_CURVE('',#686,#688,#413,.T.);
#858=EDGE_CURVE('',#689,#685,#414,.T.);
#859=EDGE_CURVE('',#690,#689,#415,.T.);
#860=EDGE_CURVE('',#687,#690,#416,.T.);
#861=EDGE_CURVE('',#691,#688,#417,.T.);
#862=EDGE_CURVE('',#691,#692,#418,.T.);
#863=EDGE_CURVE('',#686,#692,#419,.T.);
#864=EDGE_CURVE('',#693,#694,#420,.T.);
#865=EDGE_CURVE('',#694,#684,#421,.T.);
#866=EDGE_CURVE('',#695,#683,#330,.T.);
#867=EDGE_CURVE('',#695,#666,#422,.T.);
#868=EDGE_CURVE('',#666,#661,#423,.T.);
#869=EDGE_CURVE('',#661,#696,#424,.T.);
#870=EDGE_CURVE('',#696,#693,#331,.T.);
#871=EDGE_CURVE('',#690,#697,#332,.T.);
#872=EDGE_CURVE('',#697,#698,#425,.T.);
#873=EDGE_CURVE('',#698,#691,#333,.T.);
#874=EDGE_CURVE('',#677,#695,#426,.T.);
#875=EDGE_CURVE('',#667,#682,#427,.T.);
#876=EDGE_CURVE('',#699,#700,#428,.T.);
#877=EDGE_CURVE('',#698,#699,#429,.T.);
#878=EDGE_CURVE('',#697,#700,#430,.T.);
#879=EDGE_CURVE('',#700,#689,#334,.T.);
#880=EDGE_CURVE('',#692,#699,#335,.T.);
#881=EDGE_CURVE('',#701,#676,#431,.T.);
#882=EDGE_CURVE('',#674,#701,#336,.T.);
#883=EDGE_CURVE('',#675,#701,#279,.T.);
#884=EDGE_CURVE('',#673,#684,#337,.T.);
#885=EDGE_CURVE('',#702,#672,#432,.T.);
#886=EDGE_CURVE('',#670,#702,#338,.T.);
#887=EDGE_CURVE('',#671,#702,#280,.T.);
#888=EDGE_CURVE('',#694,#671,#339,.T.);
#889=EDGE_CURVE('',#669,#694,#340,.T.);
#890=EDGE_CURVE('',#665,#703,#341,.T.);
#891=EDGE_CURVE('',#667,#703,#281,.T.);
#892=EDGE_CURVE('',#664,#667,#342,.T.);
#893=EDGE_CURVE('',#703,#668,#433,.T.);
#894=EDGE_CURVE('',#660,#704,#343,.T.);
#895=EDGE_CURVE('',#662,#704,#282,.T.);
#896=EDGE_CURVE('',#659,#662,#344,.T.);
#897=EDGE_CURVE('',#704,#663,#434,.T.);
#898=EDGE_CURVE('',#662,#667,#435,.T.);
#899=EDGE_CURVE('',#696,#693,#436,.T.);
#900=EDGE_CURVE('',#705,#662,#437,.T.);
#901=EDGE_CURVE('',#706,#705,#438,.T.);
#902=EDGE_CURVE('',#671,#706,#439,.T.);
#903=EDGE_CURVE('',#675,#671,#440,.T.);
#904=EDGE_CURVE('',#705,#706,#345,.F.);
#905=EDGE_CURVE('',#707,#708,#441,.T.);
#906=EDGE_CURVE('',#709,#707,#442,.T.);
#907=EDGE_CURVE('',#710,#709,#443,.T.);
#908=EDGE_CURVE('',#710,#708,#444,.T.);
#909=EDGE_CURVE('',#708,#711,#445,.T.);
#910=EDGE_CURVE('',#712,#710,#446,.T.);
#911=EDGE_CURVE('',#711,#712,#447,.T.);
#912=EDGE_CURVE('',#711,#713,#448,.T.);
#913=EDGE_CURVE('',#714,#712,#449,.T.);
#914=EDGE_CURVE('',#714,#713,#450,.T.);
#915=EDGE_CURVE('',#713,#707,#451,.T.);
#916=EDGE_CURVE('',#709,#714,#452,.T.);
#917=EDGE_CURVE('',#715,#715,#346,.T.);
#918=EDGE_CURVE('',#715,#716,#453,.T.);
#919=EDGE_CURVE('',#716,#716,#347,.T.);
#920=EDGE_CURVE('',#717,#717,#348,.T.);
#921=EDGE_CURVE('',#717,#718,#454,.T.);
#922=EDGE_CURVE('',#718,#718,#349,.T.);
#923=EDGE_CURVE('',#719,#720,#455,.T.);
#924=EDGE_CURVE('',#721,#719,#456,.T.);
#925=EDGE_CURVE('',#721,#722,#457,.T.);
#926=EDGE_CURVE('',#720,#722,#458,.T.);
#927=EDGE_CURVE('',#723,#724,#459,.T.);
#928=EDGE_CURVE('',#724,#721,#460,.T.);
#929=EDGE_CURVE('',#719,#725,#461,.T.);
#930=EDGE_CURVE('',#725,#726,#462,.T.);
#931=EDGE_CURVE('',#727,#726,#463,.T.);
#932=EDGE_CURVE('',#728,#727,#464,.T.);
#933=EDGE_CURVE('',#728,#723,#465,.T.);
#934=EDGE_CURVE('',#729,#720,#466,.T.);
#935=EDGE_CURVE('',#725,#729,#467,.T.);
#936=EDGE_CURVE('',#730,#723,#468,.T.);
#937=EDGE_CURVE('',#731,#728,#469,.T.);
#938=EDGE_CURVE('',#730,#731,#470,.T.);
#939=EDGE_CURVE('',#722,#732,#471,.T.);
#940=EDGE_CURVE('',#732,#730,#472,.T.);
#941=EDGE_CURVE('',#731,#733,#473,.T.);
#942=EDGE_CURVE('',#734,#733,#474,.T.);
#943=EDGE_CURVE('',#729,#734,#475,.T.);
#944=EDGE_CURVE('',#732,#724,#476,.T.);
#945=EDGE_CURVE('',#726,#734,#477,.T.);
#946=EDGE_CURVE('',#733,#727,#478,.T.);
#947=EDGE_CURVE('',#735,#735,#350,.T.);
#948=EDGE_CURVE('',#735,#736,#479,.T.);
#949=EDGE_CURVE('',#736,#736,#351,.T.);
#950=EDGE_CURVE('',#737,#737,#352,.T.);
#951=EDGE_CURVE('',#737,#738,#480,.T.);
#952=EDGE_CURVE('',#738,#738,#353,.T.);
#953=EDGE_CURVE('',#739,#739,#354,.T.);
#954=EDGE_CURVE('',#736,#739,#481,.T.);
#955=ORIENTED_EDGE('',*,*,#740,.F.);
#956=ORIENTED_EDGE('',*,*,#741,.F.);
#957=ORIENTED_EDGE('',*,*,#742,.F.);
#958=ORIENTED_EDGE('',*,*,#743,.T.);
#959=ORIENTED_EDGE('',*,*,#744,.F.);
#960=ORIENTED_EDGE('',*,*,#745,.F.);
#961=ORIENTED_EDGE('',*,*,#746,.F.);
#962=ORIENTED_EDGE('',*,*,#747,.F.);
#963=ORIENTED_EDGE('',*,*,#748,.T.);
#964=ORIENTED_EDGE('',*,*,#749,.F.);
#965=ORIENTED_EDGE('',*,*,#750,.F.);
#966=ORIENTED_EDGE('',*,*,#751,.F.);
#967=ORIENTED_EDGE('',*,*,#752,.T.);
#968=ORIENTED_EDGE('',*,*,#753,.F.);
#969=ORIENTED_EDGE('',*,*,#754,.F.);
#970=ORIENTED_EDGE('',*,*,#755,.F.);
#971=ORIENTED_EDGE('',*,*,#756,.F.);
#972=ORIENTED_EDGE('',*,*,#757,.T.);
#973=ORIENTED_EDGE('',*,*,#758,.F.);
#974=ORIENTED_EDGE('',*,*,#759,.F.);
#975=ORIENTED_EDGE('',*,*,#760,.F.);
#976=ORIENTED_EDGE('',*,*,#761,.F.);
#977=ORIENTED_EDGE('',*,*,#762,.F.);
#978=ORIENTED_EDGE('',*,*,#763,.F.);
#979=ORIENTED_EDGE('',*,*,#764,.T.);
#980=ORIENTED_EDGE('',*,*,#765,.F.);
#981=ORIENTED_EDGE('',*,*,#764,.F.);
#982=ORIENTED_EDGE('',*,*,#766,.T.);
#983=ORIENTED_EDGE('',*,*,#767,.T.);
#984=ORIENTED_EDGE('',*,*,#768,.T.);
#985=ORIENTED_EDGE('',*,*,#761,.T.);
#986=ORIENTED_EDGE('',*,*,#769,.T.);
#987=ORIENTED_EDGE('',*,*,#770,.T.);
#988=ORIENTED_EDGE('',*,*,#741,.T.);
#989=ORIENTED_EDGE('',*,*,#771,.T.);
#990=ORIENTED_EDGE('',*,*,#772,.T.);
#991=ORIENTED_EDGE('',*,*,#773,.T.);
#992=ORIENTED_EDGE('',*,*,#774,.T.);
#993=ORIENTED_EDGE('',*,*,#775,.T.);
#994=ORIENTED_EDGE('',*,*,#760,.T.);
#995=ORIENTED_EDGE('',*,*,#776,.F.);
#996=ORIENTED_EDGE('',*,*,#777,.F.);
#997=ORIENTED_EDGE('',*,*,#769,.F.);
#998=ORIENTED_EDGE('',*,*,#759,.T.);
#999=ORIENTED_EDGE('',*,*,#778,.T.);
#1000=ORIENTED_EDGE('',*,*,#779,.T.);
#1001=ORIENTED_EDGE('',*,*,#780,.T.);
#1002=ORIENTED_EDGE('',*,*,#745,.T.);
#1003=ORIENTED_EDGE('',*,*,#781,.T.);
#1004=ORIENTED_EDGE('',*,*,#782,.T.);
#1005=ORIENTED_EDGE('',*,*,#776,.T.);
#1006=ORIENTED_EDGE('',*,*,#758,.T.);
#1007=ORIENTED_EDGE('',*,*,#783,.T.);
#1008=ORIENTED_EDGE('',*,*,#784,.F.);
#1009=ORIENTED_EDGE('',*,*,#778,.F.);
#1010=ORIENTED_EDGE('',*,*,#765,.T.);
#1011=ORIENTED_EDGE('',*,*,#768,.F.);
#1012=ORIENTED_EDGE('',*,*,#785,.F.);
#1013=ORIENTED_EDGE('',*,*,#786,.F.);
#1014=ORIENTED_EDGE('',*,*,#783,.F.);
#1015=ORIENTED_EDGE('',*,*,#787,.T.);
#1016=ORIENTED_EDGE('',*,*,#788,.T.);
#1017=ORIENTED_EDGE('',*,*,#789,.F.);
#1018=ORIENTED_EDGE('',*,*,#790,.T.);
#1019=ORIENTED_EDGE('',*,*,#791,.T.);
#1020=ORIENTED_EDGE('',*,*,#785,.T.);
#1021=ORIENTED_EDGE('',*,*,#763,.T.);
#1022=ORIENTED_EDGE('',*,*,#792,.F.);
#1023=ORIENTED_EDGE('',*,*,#793,.F.);
#1024=ORIENTED_EDGE('',*,*,#788,.F.);
#1025=ORIENTED_EDGE('',*,*,#766,.F.);
#1026=ORIENTED_EDGE('',*,*,#762,.T.);
#1027=ORIENTED_EDGE('',*,*,#775,.F.);
#1028=ORIENTED_EDGE('',*,*,#794,.T.);
#1029=ORIENTED_EDGE('',*,*,#792,.T.);
#1030=ORIENTED_EDGE('',*,*,#779,.F.);
#1031=ORIENTED_EDGE('',*,*,#784,.T.);
#1032=ORIENTED_EDGE('',*,*,#786,.T.);
#1033=ORIENTED_EDGE('',*,*,#791,.F.);
#1034=ORIENTED_EDGE('',*,*,#774,.F.);
#1035=ORIENTED_EDGE('',*,*,#795,.F.);
#1036=ORIENTED_EDGE('',*,*,#789,.T.);
#1037=ORIENTED_EDGE('',*,*,#793,.T.);
#1038=ORIENTED_EDGE('',*,*,#794,.F.);
#1039=ORIENTED_EDGE('',*,*,#795,.T.);
#1040=ORIENTED_EDGE('',*,*,#773,.F.);
#1041=ORIENTED_EDGE('',*,*,#796,.T.);
#1042=ORIENTED_EDGE('',*,*,#797,.F.);
#1043=ORIENTED_EDGE('',*,*,#798,.F.);
#1044=ORIENTED_EDGE('',*,*,#757,.F.);
#1045=ORIENTED_EDGE('',*,*,#753,.T.);
#1046=ORIENTED_EDGE('',*,*,#798,.T.);
#1047=ORIENTED_EDGE('',*,*,#799,.F.);
#1048=ORIENTED_EDGE('',*,*,#800,.F.);
#1049=ORIENTED_EDGE('',*,*,#801,.F.);
#1050=ORIENTED_EDGE('',*,*,#802,.F.);
#1051=ORIENTED_EDGE('',*,*,#752,.F.);
#1052=ORIENTED_EDGE('',*,*,#749,.T.);
#1053=ORIENTED_EDGE('',*,*,#802,.T.);
#1054=ORIENTED_EDGE('',*,*,#803,.F.);
#1055=ORIENTED_EDGE('',*,*,#804,.F.);
#1056=ORIENTED_EDGE('',*,*,#805,.F.);
#1057=ORIENTED_EDGE('',*,*,#806,.F.);
#1058=ORIENTED_EDGE('',*,*,#807,.F.);
#1059=ORIENTED_EDGE('',*,*,#748,.F.);
#1060=ORIENTED_EDGE('',*,*,#744,.T.);
#1061=ORIENTED_EDGE('',*,*,#807,.T.);
#1062=ORIENTED_EDGE('',*,*,#808,.F.);
#1063=ORIENTED_EDGE('',*,*,#781,.F.);
#1064=ORIENTED_EDGE('',*,*,#809,.F.);
#1065=ORIENTED_EDGE('',*,*,#810,.F.);
#1066=ORIENTED_EDGE('',*,*,#743,.F.);
#1067=ORIENTED_EDGE('',*,*,#740,.T.);
#1068=ORIENTED_EDGE('',*,*,#810,.T.);
#1069=ORIENTED_EDGE('',*,*,#811,.F.);
#1070=ORIENTED_EDGE('',*,*,#812,.F.);
#1071=ORIENTED_EDGE('',*,*,#771,.F.);
#1072=ORIENTED_EDGE('',*,*,#750,.T.);
#1073=ORIENTED_EDGE('',*,*,#805,.T.);
#1074=ORIENTED_EDGE('',*,*,#813,.T.);
#1075=ORIENTED_EDGE('',*,*,#812,.T.);
#1076=ORIENTED_EDGE('',*,*,#814,.T.);
#1077=ORIENTED_EDGE('',*,*,#755,.T.);
#1078=ORIENTED_EDGE('',*,*,#815,.T.);
#1079=ORIENTED_EDGE('',*,*,#816,.T.);
#1080=ORIENTED_EDGE('',*,*,#817,.T.);
#1081=ORIENTED_EDGE('',*,*,#804,.T.);
#1082=ORIENTED_EDGE('',*,*,#818,.T.);
#1083=ORIENTED_EDGE('',*,*,#819,.T.);
#1084=ORIENTED_EDGE('',*,*,#820,.T.);
#1085=ORIENTED_EDGE('',*,*,#754,.T.);
#1086=ORIENTED_EDGE('',*,*,#800,.T.);
#1087=ORIENTED_EDGE('',*,*,#821,.T.);
#1088=ORIENTED_EDGE('',*,*,#746,.T.);
#1089=ORIENTED_EDGE('',*,*,#822,.T.);
#1090=ORIENTED_EDGE('',*,*,#770,.F.);
#1091=ORIENTED_EDGE('',*,*,#777,.T.);
#1092=ORIENTED_EDGE('',*,*,#782,.F.);
#1093=ORIENTED_EDGE('',*,*,#808,.T.);
#1094=ORIENTED_EDGE('',*,*,#806,.T.);
#1095=ORIENTED_EDGE('',*,*,#747,.T.);
#1096=ORIENTED_EDGE('',*,*,#821,.F.);
#1097=ORIENTED_EDGE('',*,*,#799,.T.);
#1098=ORIENTED_EDGE('',*,*,#797,.T.);
#1099=ORIENTED_EDGE('',*,*,#756,.T.);
#1100=ORIENTED_EDGE('',*,*,#820,.F.);
#1101=ORIENTED_EDGE('',*,*,#823,.F.);
#1102=ORIENTED_EDGE('',*,*,#818,.F.);
#1103=ORIENTED_EDGE('',*,*,#803,.T.);
#1104=ORIENTED_EDGE('',*,*,#801,.T.);
#1105=ORIENTED_EDGE('',*,*,#751,.T.);
#1106=ORIENTED_EDGE('',*,*,#814,.F.);
#1107=ORIENTED_EDGE('',*,*,#811,.T.);
#1108=ORIENTED_EDGE('',*,*,#809,.T.);
#1109=ORIENTED_EDGE('',*,*,#742,.T.);
#1110=ORIENTED_EDGE('',*,*,#819,.F.);
#1111=ORIENTED_EDGE('',*,*,#823,.T.);
#1112=ORIENTED_EDGE('',*,*,#817,.F.);
#1113=ORIENTED_EDGE('',*,*,#824,.T.);
#1114=ORIENTED_EDGE('',*,*,#815,.F.);
#1115=ORIENTED_EDGE('',*,*,#822,.F.);
#1116=ORIENTED_EDGE('',*,*,#780,.F.);
#1117=ORIENTED_EDGE('',*,*,#790,.F.);
#1118=ORIENTED_EDGE('',*,*,#767,.F.);
#1119=ORIENTED_EDGE('',*,*,#787,.F.);
#1120=ORIENTED_EDGE('',*,*,#796,.F.);
#1121=ORIENTED_EDGE('',*,*,#772,.F.);
#1122=ORIENTED_EDGE('',*,*,#813,.F.);
#1123=ORIENTED_EDGE('',*,*,#816,.F.);
#1124=ORIENTED_EDGE('',*,*,#824,.F.);
#1125=ORIENTED_EDGE('',*,*,#825,.F.);
#1126=ORIENTED_EDGE('',*,*,#826,.F.);
#1127=ORIENTED_EDGE('',*,*,#827,.F.);
#1128=ORIENTED_EDGE('',*,*,#828,.F.);
#1129=ORIENTED_EDGE('',*,*,#829,.T.);
#1130=ORIENTED_EDGE('',*,*,#830,.F.);
#1131=ORIENTED_EDGE('',*,*,#831,.F.);
#1132=ORIENTED_EDGE('',*,*,#832,.F.);
#1133=ORIENTED_EDGE('',*,*,#833,.F.);
#1134=ORIENTED_EDGE('',*,*,#834,.T.);
#1135=ORIENTED_EDGE('',*,*,#835,.F.);
#1136=ORIENTED_EDGE('',*,*,#836,.F.);
#1137=ORIENTED_EDGE('',*,*,#837,.F.);
#1138=ORIENTED_EDGE('',*,*,#838,.T.);
#1139=ORIENTED_EDGE('',*,*,#839,.F.);
#1140=ORIENTED_EDGE('',*,*,#840,.F.);
#1141=ORIENTED_EDGE('',*,*,#841,.F.);
#1142=ORIENTED_EDGE('',*,*,#842,.T.);
#1143=ORIENTED_EDGE('',*,*,#843,.F.);
#1144=ORIENTED_EDGE('',*,*,#844,.F.);
#1145=ORIENTED_EDGE('',*,*,#845,.F.);
#1146=ORIENTED_EDGE('',*,*,#846,.F.);
#1147=ORIENTED_EDGE('',*,*,#846,.T.);
#1148=ORIENTED_EDGE('',*,*,#847,.T.);
#1149=ORIENTED_EDGE('',*,*,#848,.F.);
#1150=ORIENTED_EDGE('',*,*,#849,.T.);
#1151=ORIENTED_EDGE('',*,*,#845,.T.);
#1152=ORIENTED_EDGE('',*,*,#850,.F.);
#1153=ORIENTED_EDGE('',*,*,#851,.F.);
#1154=ORIENTED_EDGE('',*,*,#852,.T.);
#1155=ORIENTED_EDGE('',*,*,#853,.F.);
#1156=ORIENTED_EDGE('',*,*,#847,.F.);
#1157=ORIENTED_EDGE('',*,*,#854,.F.);
#1158=ORIENTED_EDGE('',*,*,#855,.F.);
#1159=ORIENTED_EDGE('',*,*,#856,.F.);
#1160=ORIENTED_EDGE('',*,*,#857,.F.);
#1161=ORIENTED_EDGE('',*,*,#858,.F.);
#1162=ORIENTED_EDGE('',*,*,#859,.F.);
#1163=ORIENTED_EDGE('',*,*,#860,.F.);
#1164=ORIENTED_EDGE('',*,*,#855,.T.);
#1165=ORIENTED_EDGE('',*,*,#857,.T.);
#1166=ORIENTED_EDGE('',*,*,#861,.F.);
#1167=ORIENTED_EDGE('',*,*,#862,.T.);
#1168=ORIENTED_EDGE('',*,*,#863,.F.);
#1169=ORIENTED_EDGE('',*,*,#864,.T.);
#1170=ORIENTED_EDGE('',*,*,#865,.T.);
#1171=ORIENTED_EDGE('',*,*,#851,.T.);
#1172=ORIENTED_EDGE('',*,*,#866,.F.);
#1173=ORIENTED_EDGE('',*,*,#867,.T.);
#1174=ORIENTED_EDGE('',*,*,#868,.T.);
#1175=ORIENTED_EDGE('',*,*,#869,.T.);
#1176=ORIENTED_EDGE('',*,*,#870,.T.);
#1177=ORIENTED_EDGE('',*,*,#856,.T.);
#1178=ORIENTED_EDGE('',*,*,#860,.T.);
#1179=ORIENTED_EDGE('',*,*,#871,.T.);
#1180=ORIENTED_EDGE('',*,*,#872,.T.);
#1181=ORIENTED_EDGE('',*,*,#873,.T.);
#1182=ORIENTED_EDGE('',*,*,#861,.T.);
#1183=ORIENTED_EDGE('',*,*,#844,.T.);
#1184=ORIENTED_EDGE('',*,*,#874,.T.);
#1185=ORIENTED_EDGE('',*,*,#866,.T.);
#1186=ORIENTED_EDGE('',*,*,#850,.T.);
#1187=ORIENTED_EDGE('',*,*,#843,.T.);
#1188=ORIENTED_EDGE('',*,*,#849,.F.);
#1189=ORIENTED_EDGE('',*,*,#875,.F.);
#1190=ORIENTED_EDGE('',*,*,#832,.T.);
#1191=ORIENTED_EDGE('',*,*,#867,.F.);
#1192=ORIENTED_EDGE('',*,*,#874,.F.);
#1193=ORIENTED_EDGE('',*,*,#876,.F.);
#1194=ORIENTED_EDGE('',*,*,#877,.F.);
#1195=ORIENTED_EDGE('',*,*,#872,.F.);
#1196=ORIENTED_EDGE('',*,*,#878,.T.);
#1197=ORIENTED_EDGE('',*,*,#879,.F.);
#1198=ORIENTED_EDGE('',*,*,#878,.F.);
#1199=ORIENTED_EDGE('',*,*,#871,.F.);
#1200=ORIENTED_EDGE('',*,*,#859,.T.);
#1201=ORIENTED_EDGE('',*,*,#880,.F.);
#1202=ORIENTED_EDGE('',*,*,#862,.F.);
#1203=ORIENTED_EDGE('',*,*,#873,.F.);
#1204=ORIENTED_EDGE('',*,*,#877,.T.);
#1205=ORIENTED_EDGE('',*,*,#881,.F.);
#1206=ORIENTED_EDGE('',*,*,#882,.F.);
#1207=ORIENTED_EDGE('',*,*,#842,.F.);
#1208=ORIENTED_EDGE('',*,*,#839,.T.);
#1209=ORIENTED_EDGE('',*,*,#882,.T.);
#1210=ORIENTED_EDGE('',*,*,#883,.F.);
#1211=ORIENTED_EDGE('',*,*,#852,.F.);
#1212=ORIENTED_EDGE('',*,*,#884,.F.);
#1213=ORIENTED_EDGE('',*,*,#885,.F.);
#1214=ORIENTED_EDGE('',*,*,#886,.F.);
#1215=ORIENTED_EDGE('',*,*,#838,.F.);
#1216=ORIENTED_EDGE('',*,*,#835,.T.);
#1217=ORIENTED_EDGE('',*,*,#886,.T.);
#1218=ORIENTED_EDGE('',*,*,#887,.F.);
#1219=ORIENTED_EDGE('',*,*,#888,.F.);
#1220=ORIENTED_EDGE('',*,*,#889,.F.);
#1221=ORIENTED_EDGE('',*,*,#830,.T.);
#1222=ORIENTED_EDGE('',*,*,#890,.T.);
#1223=ORIENTED_EDGE('',*,*,#891,.F.);
#1224=ORIENTED_EDGE('',*,*,#892,.F.);
#1225=ORIENTED_EDGE('',*,*,#893,.F.);
#1226=ORIENTED_EDGE('',*,*,#890,.F.);
#1227=ORIENTED_EDGE('',*,*,#834,.F.);
#1228=ORIENTED_EDGE('',*,*,#825,.T.);
#1229=ORIENTED_EDGE('',*,*,#894,.T.);
#1230=ORIENTED_EDGE('',*,*,#895,.F.);
#1231=ORIENTED_EDGE('',*,*,#896,.F.);
#1232=ORIENTED_EDGE('',*,*,#897,.F.);
#1233=ORIENTED_EDGE('',*,*,#894,.F.);
#1234=ORIENTED_EDGE('',*,*,#829,.F.);
#1235=ORIENTED_EDGE('',*,*,#831,.T.);
#1236=ORIENTED_EDGE('',*,*,#892,.T.);
#1237=ORIENTED_EDGE('',*,*,#898,.F.);
#1238=ORIENTED_EDGE('',*,*,#827,.T.);
#1239=ORIENTED_EDGE('',*,*,#868,.F.);
#1240=ORIENTED_EDGE('',*,*,#836,.T.);
#1241=ORIENTED_EDGE('',*,*,#889,.T.);
#1242=ORIENTED_EDGE('',*,*,#864,.F.);
#1243=ORIENTED_EDGE('',*,*,#899,.F.);
#1244=ORIENTED_EDGE('',*,*,#869,.F.);
#1245=ORIENTED_EDGE('',*,*,#826,.T.);
#1246=ORIENTED_EDGE('',*,*,#896,.T.);
#1247=ORIENTED_EDGE('',*,*,#900,.F.);
#1248=ORIENTED_EDGE('',*,*,#901,.F.);
#1249=ORIENTED_EDGE('',*,*,#902,.F.);
#1250=ORIENTED_EDGE('',*,*,#840,.T.);
#1251=ORIENTED_EDGE('',*,*,#884,.T.);
#1252=ORIENTED_EDGE('',*,*,#865,.F.);
#1253=ORIENTED_EDGE('',*,*,#888,.T.);
#1254=ORIENTED_EDGE('',*,*,#903,.F.);
#1255=ORIENTED_EDGE('',*,*,#853,.T.);
#1256=ORIENTED_EDGE('',*,*,#883,.T.);
#1257=ORIENTED_EDGE('',*,*,#881,.T.);
#1258=ORIENTED_EDGE('',*,*,#841,.T.);
#1259=ORIENTED_EDGE('',*,*,#903,.T.);
#1260=ORIENTED_EDGE('',*,*,#887,.T.);
#1261=ORIENTED_EDGE('',*,*,#885,.T.);
#1262=ORIENTED_EDGE('',*,*,#837,.T.);
#1263=ORIENTED_EDGE('',*,*,#902,.T.);
#1264=ORIENTED_EDGE('',*,*,#904,.F.);
#1265=ORIENTED_EDGE('',*,*,#900,.T.);
#1266=ORIENTED_EDGE('',*,*,#895,.T.);
#1267=ORIENTED_EDGE('',*,*,#897,.T.);
#1268=ORIENTED_EDGE('',*,*,#828,.T.);
#1269=ORIENTED_EDGE('',*,*,#898,.T.);
#1270=ORIENTED_EDGE('',*,*,#891,.T.);
#1271=ORIENTED_EDGE('',*,*,#893,.T.);
#1272=ORIENTED_EDGE('',*,*,#833,.T.);
#1273=ORIENTED_EDGE('',*,*,#875,.T.);
#1274=ORIENTED_EDGE('',*,*,#848,.T.);
#1275=ORIENTED_EDGE('',*,*,#854,.T.);
#1276=ORIENTED_EDGE('',*,*,#863,.T.);
#1277=ORIENTED_EDGE('',*,*,#880,.T.);
#1278=ORIENTED_EDGE('',*,*,#876,.T.);
#1279=ORIENTED_EDGE('',*,*,#879,.T.);
#1280=ORIENTED_EDGE('',*,*,#858,.T.);
#1281=ORIENTED_EDGE('',*,*,#899,.T.);
#1282=ORIENTED_EDGE('',*,*,#870,.F.);
#1283=ORIENTED_EDGE('',*,*,#901,.T.);
#1284=ORIENTED_EDGE('',*,*,#904,.T.);
#1285=ORIENTED_EDGE('',*,*,#905,.F.);
#1286=ORIENTED_EDGE('',*,*,#906,.F.);
#1287=ORIENTED_EDGE('',*,*,#907,.F.);
#1288=ORIENTED_EDGE('',*,*,#908,.T.);
#1289=ORIENTED_EDGE('',*,*,#909,.F.);
#1290=ORIENTED_EDGE('',*,*,#908,.F.);
#1291=ORIENTED_EDGE('',*,*,#910,.F.);
#1292=ORIENTED_EDGE('',*,*,#911,.F.);
#1293=ORIENTED_EDGE('',*,*,#912,.F.);
#1294=ORIENTED_EDGE('',*,*,#911,.T.);
#1295=ORIENTED_EDGE('',*,*,#913,.F.);
#1296=ORIENTED_EDGE('',*,*,#914,.T.);
#1297=ORIENTED_EDGE('',*,*,#915,.F.);
#1298=ORIENTED_EDGE('',*,*,#914,.F.);
#1299=ORIENTED_EDGE('',*,*,#916,.F.);
#1300=ORIENTED_EDGE('',*,*,#906,.T.);
#1301=ORIENTED_EDGE('',*,*,#917,.F.);
#1302=ORIENTED_EDGE('',*,*,#918,.T.);
#1303=ORIENTED_EDGE('',*,*,#919,.F.);
#1304=ORIENTED_EDGE('',*,*,#918,.F.);
#1305=ORIENTED_EDGE('',*,*,#920,.F.);
#1306=ORIENTED_EDGE('',*,*,#921,.T.);
#1307=ORIENTED_EDGE('',*,*,#922,.F.);
#1308=ORIENTED_EDGE('',*,*,#921,.F.);
#1309=ORIENTED_EDGE('',*,*,#923,.F.);
#1310=ORIENTED_EDGE('',*,*,#924,.F.);
#1311=ORIENTED_EDGE('',*,*,#925,.T.);
#1312=ORIENTED_EDGE('',*,*,#926,.F.);
#1313=ORIENTED_EDGE('',*,*,#927,.T.);
#1314=ORIENTED_EDGE('',*,*,#928,.T.);
#1315=ORIENTED_EDGE('',*,*,#924,.T.);
#1316=ORIENTED_EDGE('',*,*,#929,.T.);
#1317=ORIENTED_EDGE('',*,*,#930,.T.);
#1318=ORIENTED_EDGE('',*,*,#931,.F.);
#1319=ORIENTED_EDGE('',*,*,#932,.F.);
#1320=ORIENTED_EDGE('',*,*,#933,.T.);
#1321=ORIENTED_EDGE('',*,*,#923,.T.);
#1322=ORIENTED_EDGE('',*,*,#934,.F.);
#1323=ORIENTED_EDGE('',*,*,#935,.F.);
#1324=ORIENTED_EDGE('',*,*,#929,.F.);
#1325=ORIENTED_EDGE('',*,*,#917,.T.);
#1326=ORIENTED_EDGE('',*,*,#936,.T.);
#1327=ORIENTED_EDGE('',*,*,#933,.F.);
#1328=ORIENTED_EDGE('',*,*,#937,.F.);
#1329=ORIENTED_EDGE('',*,*,#938,.F.);
#1330=ORIENTED_EDGE('',*,*,#920,.T.);
#1331=ORIENTED_EDGE('',*,*,#926,.T.);
#1332=ORIENTED_EDGE('',*,*,#939,.T.);
#1333=ORIENTED_EDGE('',*,*,#940,.T.);
#1334=ORIENTED_EDGE('',*,*,#938,.T.);
#1335=ORIENTED_EDGE('',*,*,#941,.T.);
#1336=ORIENTED_EDGE('',*,*,#942,.F.);
#1337=ORIENTED_EDGE('',*,*,#943,.F.);
#1338=ORIENTED_EDGE('',*,*,#934,.T.);
#1339=ORIENTED_EDGE('',*,*,#936,.F.);
#1340=ORIENTED_EDGE('',*,*,#940,.F.);
#1341=ORIENTED_EDGE('',*,*,#944,.T.);
#1342=ORIENTED_EDGE('',*,*,#927,.F.);
#1343=ORIENTED_EDGE('',*,*,#944,.F.);
#1344=ORIENTED_EDGE('',*,*,#939,.F.);
#1345=ORIENTED_EDGE('',*,*,#925,.F.);
#1346=ORIENTED_EDGE('',*,*,#928,.F.);
#1347=ORIENTED_EDGE('',*,*,#912,.T.);
#1348=ORIENTED_EDGE('',*,*,#915,.T.);
#1349=ORIENTED_EDGE('',*,*,#905,.T.);
#1350=ORIENTED_EDGE('',*,*,#909,.T.);
#1351=ORIENTED_EDGE('',*,*,#935,.T.);
#1352=ORIENTED_EDGE('',*,*,#943,.T.);
#1353=ORIENTED_EDGE('',*,*,#945,.F.);
#1354=ORIENTED_EDGE('',*,*,#930,.F.);
#1355=ORIENTED_EDGE('',*,*,#937,.T.);
#1356=ORIENTED_EDGE('',*,*,#932,.T.);
#1357=ORIENTED_EDGE('',*,*,#946,.F.);
#1358=ORIENTED_EDGE('',*,*,#941,.F.);
#1359=ORIENTED_EDGE('',*,*,#946,.T.);
#1360=ORIENTED_EDGE('',*,*,#931,.T.);
#1361=ORIENTED_EDGE('',*,*,#945,.T.);
#1362=ORIENTED_EDGE('',*,*,#942,.T.);
#1363=ORIENTED_EDGE('',*,*,#913,.T.);
#1364=ORIENTED_EDGE('',*,*,#910,.T.);
#1365=ORIENTED_EDGE('',*,*,#907,.T.);
#1366=ORIENTED_EDGE('',*,*,#916,.T.);
#1367=ORIENTED_EDGE('',*,*,#919,.T.);
#1368=ORIENTED_EDGE('',*,*,#922,.T.);
#1369=ORIENTED_EDGE('',*,*,#947,.F.);
#1370=ORIENTED_EDGE('',*,*,#948,.T.);
#1371=ORIENTED_EDGE('',*,*,#949,.F.);
#1372=ORIENTED_EDGE('',*,*,#948,.F.);
#1373=ORIENTED_EDGE('',*,*,#947,.T.);
#1374=ORIENTED_EDGE('',*,*,#950,.T.);
#1375=ORIENTED_EDGE('',*,*,#950,.F.);
#1376=ORIENTED_EDGE('',*,*,#951,.T.);
#1377=ORIENTED_EDGE('',*,*,#952,.F.);
#1378=ORIENTED_EDGE('',*,*,#951,.F.);
#1379=ORIENTED_EDGE('',*,*,#953,.F.);
#1380=ORIENTED_EDGE('',*,*,#952,.T.);
#1381=ORIENTED_EDGE('',*,*,#949,.T.);
#1382=ORIENTED_EDGE('',*,*,#954,.T.);
#1383=ORIENTED_EDGE('',*,*,#953,.T.);
#1384=ORIENTED_EDGE('',*,*,#954,.F.);
#1385=CYLINDRICAL_SURFACE('',#1512,2.5);
#1386=CYLINDRICAL_SURFACE('',#1515,2.5);
#1387=CYLINDRICAL_SURFACE('',#1519,2.5);
#1388=CYLINDRICAL_SURFACE('',#1522,2.5);
#1389=CYLINDRICAL_SURFACE('',#1526,5.);
#1390=CYLINDRICAL_SURFACE('',#1553,2.5);
#1391=CYLINDRICAL_SURFACE('',#1557,2.5);
#1392=CYLINDRICAL_SURFACE('',#1562,2.5);
#1393=CYLINDRICAL_SURFACE('',#1565,2.5);
#1394=CYLINDRICAL_SURFACE('',#1570,25.0625);
#1395=CYLINDRICAL_SURFACE('',#1573,20.0625);
#1396=CYLINDRICAL_SURFACE('',#1576,2.5);
#1397=CYLINDRICAL_SURFACE('',#1580,2.5);
#1398=CYLINDRICAL_SURFACE('',#1584,2.5);
#1399=CYLINDRICAL_SURFACE('',#1587,2.5);
#1400=CYLINDRICAL_SURFACE('',#1590,5.);
#1401=CYLINDRICAL_SURFACE('',#1602,20.0625);
#1402=CYLINDRICAL_SURFACE('',#1616,2.5);
#1403=CYLINDRICAL_SURFACE('',#1620,2.5);
#1404=CYLINDRICAL_SURFACE('',#1623,2.5);
#1405=CYLINDRICAL_SURFACE('',#1627,2.5);
#1406=CYLINDRICAL_SURFACE('',#1634,25.0625);
#1407=CYLINDRICAL_SURFACE('',#1642,2.);
#1408=CYLINDRICAL_SURFACE('',#1645,1.99999999999999);
#1409=CYLINDRICAL_SURFACE('',#1658,8.06021598883496);
#1410=CYLINDRICAL_SURFACE('',#1663,5.);
#1411=ADVANCED_FACE('',(#89),#1385,.F.);
#1412=ADVANCED_FACE('',(#90),#1386,.F.);
#1413=ADVANCED_FACE('',(#91),#1387,.F.);
#1414=ADVANCED_FACE('',(#92),#1388,.F.);
#1415=ADVANCED_FACE('',(#93),#1389,.F.);
#1416=ADVANCED_FACE('',(#94),#32,.T.);
#1417=ADVANCED_FACE('',(#95),#33,.T.);
#1418=ADVANCED_FACE('',(#96),#34,.F.);
#1419=ADVANCED_FACE('',(#97),#35,.T.);
#1420=ADVANCED_FACE('',(#98),#36,.F.);
#1421=ADVANCED_FACE('',(#99),#37,.F.);
#1422=ADVANCED_FACE('',(#100),#38,.F.);
#1423=ADVANCED_FACE('',(#101),#39,.F.);
#1424=ADVANCED_FACE('',(#102),#40,.F.);
#1425=ADVANCED_FACE('',(#103),#41,.F.);
#1426=ADVANCED_FACE('',(#104),#42,.F.);
#1427=ADVANCED_FACE('',(#105),#43,.F.);
#1428=ADVANCED_FACE('',(#106),#44,.T.);
#1429=ADVANCED_FACE('',(#107),#45,.T.);
#1430=ADVANCED_FACE('',(#108),#1390,.F.);
#1431=ADVANCED_FACE('',(#109),#46,.T.);
#1432=ADVANCED_FACE('',(#110),#1391,.F.);
#1433=ADVANCED_FACE('',(#111),#47,.T.);
#1434=ADVANCED_FACE('',(#112),#1392,.F.);
#1435=ADVANCED_FACE('',(#113),#48,.T.);
#1436=ADVANCED_FACE('',(#114),#1393,.F.);
#1437=ADVANCED_FACE('',(#115),#49,.T.);
#1438=ADVANCED_FACE('',(#116),#50,.T.);
#1439=ADVANCED_FACE('',(#117),#51,.T.);
#1440=ADVANCED_FACE('',(#118),#1394,.T.);
#1441=ADVANCED_FACE('',(#119),#52,.T.);
#1442=ADVANCED_FACE('',(#120),#1395,.F.);
#1443=ADVANCED_FACE('',(#121),#53,.F.);
#1444=ADVANCED_FACE('',(#122),#1396,.F.);
#1445=ADVANCED_FACE('',(#123),#1397,.F.);
#1446=ADVANCED_FACE('',(#124),#1398,.F.);
#1447=ADVANCED_FACE('',(#125),#1399,.F.);
#1448=ADVANCED_FACE('',(#126),#1400,.F.);
#1449=ADVANCED_FACE('',(#127),#54,.F.);
#1450=ADVANCED_FACE('',(#128),#55,.F.);
#1451=ADVANCED_FACE('',(#129),#56,.F.);
#1452=ADVANCED_FACE('',(#130),#57,.F.);
#1453=ADVANCED_FACE('',(#131),#58,.F.);
#1454=ADVANCED_FACE('',(#132,#14),#1401,.F.);
#1455=ADVANCED_FACE('',(#133),#59,.T.);
#1456=ADVANCED_FACE('',(#134),#60,.F.);
#1457=ADVANCED_FACE('',(#135),#61,.F.);
#1458=ADVANCED_FACE('',(#136),#62,.F.);
#1459=ADVANCED_FACE('',(#137),#63,.F.);
#1460=ADVANCED_FACE('',(#138),#64,.T.);
#1461=ADVANCED_FACE('',(#139),#1402,.F.);
#1462=ADVANCED_FACE('',(#140),#65,.T.);
#1463=ADVANCED_FACE('',(#141),#1403,.F.);
#1464=ADVANCED_FACE('',(#142),#1404,.F.);
#1465=ADVANCED_FACE('',(#143),#66,.T.);
#1466=ADVANCED_FACE('',(#144),#1405,.F.);
#1467=ADVANCED_FACE('',(#145),#67,.T.);
#1468=ADVANCED_FACE('',(#146),#68,.F.);
#1469=ADVANCED_FACE('',(#147),#69,.F.);
#1470=ADVANCED_FACE('',(#148),#70,.F.);
#1471=ADVANCED_FACE('',(#149,#15),#1406,.T.);
#1472=ADVANCED_FACE('',(#150),#71,.F.);
#1473=ADVANCED_FACE('',(#151),#72,.T.);
#1474=ADVANCED_FACE('',(#152),#73,.F.);
#1475=ADVANCED_FACE('',(#153),#74,.F.);
#1476=ADVANCED_FACE('',(#154),#75,.F.);
#1477=ADVANCED_FACE('',(#155),#76,.F.);
#1478=ADVANCED_FACE('',(#156),#1407,.F.);
#1479=ADVANCED_FACE('',(#157),#1408,.F.);
#1480=ADVANCED_FACE('',(#158),#77,.F.);
#1481=ADVANCED_FACE('',(#159),#78,.T.);
#1482=ADVANCED_FACE('',(#160,#16),#79,.T.);
#1483=ADVANCED_FACE('',(#161,#17),#80,.T.);
#1484=ADVANCED_FACE('',(#162),#81,.T.);
#1485=ADVANCED_FACE('',(#163),#82,.F.);
#1486=ADVANCED_FACE('',(#164,#18),#83,.F.);
#1487=ADVANCED_FACE('',(#165),#84,.T.);
#1488=ADVANCED_FACE('',(#166),#85,.T.);
#1489=ADVANCED_FACE('',(#167,#19,#20,#21),#86,.T.);
#1490=ADVANCED_FACE('',(#168),#1409,.T.);
#1491=ADVANCED_FACE('',(#169,#22),#87,.T.);
#1492=ADVANCED_FACE('',(#170),#1410,.F.);
#1493=ADVANCED_FACE('',(#171,#23),#88,.F.);
#1494=ADVANCED_FACE('',(#172),#13,.T.);
#1495=CLOSED_SHELL('',(#1411,#1412,#1413,#1414,#1415,#1416,#1417,#1418,
#1419,#1420,#1421,#1422,#1423,#1424,#1425,#1426,#1427,#1428,#1429,#1430,
#1431,#1432,#1433,#1434,#1435,#1436,#1437,#1438,#1439,#1440,#1441,#1442,
#1443));
#1496=CLOSED_SHELL('',(#1444,#1445,#1446,#1447,#1448,#1449,#1450,#1451,
#1452,#1453,#1454,#1455,#1456,#1457,#1458,#1459,#1460,#1461,#1462,#1463,
#1464,#1465,#1466,#1467,#1468,#1469,#1470,#1471,#1472,#1473));
#1497=CLOSED_SHELL('',(#1474,#1475,#1476,#1477,#1478,#1479,#1480,#1481,
#1482,#1483,#1484,#1485,#1486,#1487,#1488,#1489));
#1498=CLOSED_SHELL('',(#1490,#1491,#1492,#1493,#1494));
#1499=DERIVED_UNIT_ELEMENT(#1501,1.);
#1500=DERIVED_UNIT_ELEMENT(#2593,-3.);
#1501=(
MASS_UNIT()
NAMED_UNIT(*)
SI_UNIT(.KILO.,.GRAM.)
);
#1502=DERIVED_UNIT((#1499,#1500));
#1503=MEASURE_REPRESENTATION_ITEM('density measure',
POSITIVE_RATIO_MEASURE(7850.),#1502);
#1504=PROPERTY_DEFINITION_REPRESENTATION(#1509,#1506);
#1505=PROPERTY_DEFINITION_REPRESENTATION(#1510,#1507);
#1506=REPRESENTATION('material name',(#1508),#2590);
#1507=REPRESENTATION('density',(#1503),#2590);
#1508=DESCRIPTIVE_REPRESENTATION_ITEM('Steel','Steel');
#1509=PROPERTY_DEFINITION('material property','material name',#2600);
#1510=PROPERTY_DEFINITION('material property','density of part',#2600);
#1511=AXIS2_PLACEMENT_3D('',#2109,#1668,#1669);
#1512=AXIS2_PLACEMENT_3D('',#2110,#1670,#1671);
#1513=AXIS2_PLACEMENT_3D('',#2115,#1673,#1674);
#1514=AXIS2_PLACEMENT_3D('',#2121,#1675,#1676);
#1515=AXIS2_PLACEMENT_3D('',#2122,#1677,#1678);
#1516=AXIS2_PLACEMENT_3D('',#2127,#1680,#1681);
#1517=AXIS2_PLACEMENT_3D('',#2129,#1682,#1683);
#1518=AXIS2_PLACEMENT_3D('',#2135,#1684,#1685);
#1519=AXIS2_PLACEMENT_3D('',#2136,#1686,#1687);
#1520=AXIS2_PLACEMENT_3D('',#2141,#1689,#1690);
#1521=AXIS2_PLACEMENT_3D('',#2147,#1691,#1692);
#1522=AXIS2_PLACEMENT_3D('',#2148,#1693,#1694);
#1523=AXIS2_PLACEMENT_3D('',#2153,#1696,#1697);
#1524=AXIS2_PLACEMENT_3D('',#2155,#1698,#1699);
#1525=AXIS2_PLACEMENT_3D('',#2161,#1700,#1701);
#1526=AXIS2_PLACEMENT_3D('',#2162,#1702,#1703);
#1527=AXIS2_PLACEMENT_3D('',#2165,#1704,#1705);
#1528=AXIS2_PLACEMENT_3D('',#2169,#1707,#1708);
#1529=AXIS2_PLACEMENT_3D('',#2173,#1710,#1711);
#1530=AXIS2_PLACEMENT_3D('',#2177,#1713,#1714);
#1531=AXIS2_PLACEMENT_3D('',#2179,#1716,#1717);
#1532=AXIS2_PLACEMENT_3D('',#2183,#1719,#1720);
#1533=AXIS2_PLACEMENT_3D('',#2185,#1722,#1723);
#1534=AXIS2_PLACEMENT_3D('',#2190,#1726,#1727);
#1535=AXIS2_PLACEMENT_3D('',#2198,#1732,#1733);
#1536=AXIS2_PLACEMENT_3D('',#2201,#1735,#1736);
#1537=AXIS2_PLACEMENT_3D('',#2202,#1737,#1738);
#1538=AXIS2_PLACEMENT_3D('',#2208,#1742,#1743);
#1539=AXIS2_PLACEMENT_3D('',#2210,#1745,#1746);
#1540=AXIS2_PLACEMENT_3D('',#2214,#1749,#1750);
#1541=AXIS2_PLACEMENT_3D('',#2218,#1753,#1754);
#1542=AXIS2_PLACEMENT_3D('',#2220,#1755,#1756);
#1543=AXIS2_PLACEMENT_3D('',#2224,#1759,#1760);
#1544=AXIS2_PLACEMENT_3D('',#2225,#1761,#1762);
#1545=AXIS2_PLACEMENT_3D('',#2227,#1764,#1765);
#1546=AXIS2_PLACEMENT_3D('',#2231,#1768,#1769);
#1547=AXIS2_PLACEMENT_3D('',#2233,#1771,#1772);
#1548=AXIS2_PLACEMENT_3D('',#2234,#1773,#1774);
#1549=AXIS2_PLACEMENT_3D('',#2236,#1776,#1777);
#1550=AXIS2_PLACEMENT_3D('',#2237,#1778,#1779);
#1551=AXIS2_PLACEMENT_3D('',#2238,#1780,#1781);
#1552=AXIS2_PLACEMENT_3D('',#2241,#1783,#1784);
#1553=AXIS2_PLACEMENT_3D('',#2242,#1785,#1786);
#1554=AXIS2_PLACEMENT_3D('',#2247,#1787,#1788);
#1555=AXIS2_PLACEMENT_3D('',#2248,#1789,#1790);
#1556=AXIS2_PLACEMENT_3D('',#2251,#1792,#1793);
#1557=AXIS2_PLACEMENT_3D('',#2252,#1794,#1795);
#1558=AXIS2_PLACEMENT_3D('',#2258,#1796,#1797);
#1559=AXIS2_PLACEMENT_3D('',#2259,#1798,#1799);
#1560=AXIS2_PLACEMENT_3D('',#2260,#1800,#1801);
#1561=AXIS2_PLACEMENT_3D('',#2263,#1803,#1804);
#1562=AXIS2_PLACEMENT_3D('',#2264,#1805,#1806);
#1563=AXIS2_PLACEMENT_3D('',#2269,#1807,#1808);
#1564=AXIS2_PLACEMENT_3D('',#2272,#1810,#1811);
#1565=AXIS2_PLACEMENT_3D('',#2273,#1812,#1813);
#1566=AXIS2_PLACEMENT_3D('',#2278,#1814,#1815);
#1567=AXIS2_PLACEMENT_3D('',#2279,#1816,#1817);
#1568=AXIS2_PLACEMENT_3D('',#2282,#1820,#1821);
#1569=AXIS2_PLACEMENT_3D('',#2293,#1828,#1829);
#1570=AXIS2_PLACEMENT_3D('',#2296,#1832,#1833);
#1571=AXIS2_PLACEMENT_3D('',#2297,#1834,#1835);
#1572=AXIS2_PLACEMENT_3D('',#2298,#1836,#1837);
#1573=AXIS2_PLACEMENT_3D('',#2299,#1838,#1839);
#1574=AXIS2_PLACEMENT_3D('',#2300,#1840,#1841);
#1575=AXIS2_PLACEMENT_3D('',#2301,#1842,#1843);
#1576=AXIS2_PLACEMENT_3D('',#2302,#1844,#1845);
#1577=AXIS2_PLACEMENT_3D('',#2307,#1847,#1848);
#1578=AXIS2_PLACEMENT_3D('',#2309,#1849,#1850);
#1579=AXIS2_PLACEMENT_3D('',#2315,#1851,#1852);
#1580=AXIS2_PLACEMENT_3D('',#2316,#1853,#1854);
#1581=AXIS2_PLACEMENT_3D('',#2321,#1856,#1857);
#1582=AXIS2_PLACEMENT_3D('',#2323,#1858,#1859);
#1583=AXIS2_PLACEMENT_3D('',#2329,#1860,#1861);
#1584=AXIS2_PLACEMENT_3D('',#2330,#1862,#1863);
#1585=AXIS2_PLACEMENT_3D('',#2335,#1865,#1866);
#1586=AXIS2_PLACEMENT_3D('',#2341,#1867,#1868);
#1587=AXIS2_PLACEMENT_3D('',#2342,#1869,#1870);
#1588=AXIS2_PLACEMENT_3D('',#2347,#1872,#1873);
#1589=AXIS2_PLACEMENT_3D('',#2353,#1874,#1875);
#1590=AXIS2_PLACEMENT_3D('',#2354,#1876,#1877);
#1591=AXIS2_PLACEMENT_3D('',#2359,#1879,#1880);
#1592=AXIS2_PLACEMENT_3D('',#2362,#1882,#1883);
#1593=AXIS2_PLACEMENT_3D('',#2363,#1884,#1885);
#1594=AXIS2_PLACEMENT_3D('',#2367,#1887,#1888);
#1595=AXIS2_PLACEMENT_3D('',#2369,#1890,#1891);
#1596=AXIS2_PLACEMENT_3D('',#2374,#1894,#1895);
#1597=AXIS2_PLACEMENT_3D('',#2376,#1897,#1898);
#1598=AXIS2_PLACEMENT_3D('',#2379,#1899,#1900);
#1599=AXIS2_PLACEMENT_3D('',#2383,#1902,#1903);
#1600=AXIS2_PLACEMENT_3D('',#2385,#1905,#1906);
#1601=AXIS2_PLACEMENT_3D('',#2391,#1910,#1911);
#1602=AXIS2_PLACEMENT_3D('',#2397,#1915,#1916);
#1603=AXIS2_PLACEMENT_3D('',#2403,#1919,#1920);
#1604=AXIS2_PLACEMENT_3D('',#2408,#1924,#1925);
#1605=AXIS2_PLACEMENT_3D('',#2410,#1926,#1927);
#1606=AXIS2_PLACEMENT_3D('',#2413,#1929,#1930);
#1607=AXIS2_PLACEMENT_3D('',#2414,#1931,#1932);
#1608=AXIS2_PLACEMENT_3D('',#2416,#1934,#1935);
#1609=AXIS2_PLACEMENT_3D('',#2418,#1937,#1938);
#1610=AXIS2_PLACEMENT_3D('',#2424,#1942,#1943);
#1611=AXIS2_PLACEMENT_3D('',#2425,#1944,#1945);
#1612=AXIS2_PLACEMENT_3D('',#2426,#1946,#1947);
#1613=AXIS2_PLACEMENT_3D('',#2427,#1948,#1949);
#1614=AXIS2_PLACEMENT_3D('',#2428,#1950,#1951);
#1615=AXIS2_PLACEMENT_3D('',#2431,#1953,#1954);
#1616=AXIS2_PLACEMENT_3D('',#2432,#1955,#1956);
#1617=AXIS2_PLACEMENT_3D('',#2437,#1957,#1958);
#1618=AXIS2_PLACEMENT_3D('',#2438,#1959,#1960);
#1619=AXIS2_PLACEMENT_3D('',#2441,#1962,#1963);
#1620=AXIS2_PLACEMENT_3D('',#2442,#1964,#1965);
#1621=AXIS2_PLACEMENT_3D('',#2447,#1966,#1967);
#1622=AXIS2_PLACEMENT_3D('',#2448,#1968,#1969);
#1623=AXIS2_PLACEMENT_3D('',#2449,#1970,#1971);
#1624=AXIS2_PLACEMENT_3D('',#2451,#1972,#1973);
#1625=AXIS2_PLACEMENT_3D('',#2456,#1974,#1975);
#1626=AXIS2_PLACEMENT_3D('',#2457,#1976,#1977);
#1627=AXIS2_PLACEMENT_3D('',#2459,#1979,#1980);
#1628=AXIS2_PLACEMENT_3D('',#2461,#1981,#1982);
#1629=AXIS2_PLACEMENT_3D('',#2466,#1983,#1984);
#1630=AXIS2_PLACEMENT_3D('',#2467,#1985,#1986);
#1631=AXIS2_PLACEMENT_3D('',#2469,#1988,#1989);
#1632=AXIS2_PLACEMENT_3D('',#2471,#1991,#1992);
#1633=AXIS2_PLACEMENT_3D('',#2478,#1997,#1998);
#1634=AXIS2_PLACEMENT_3D('',#2480,#2000,#2001);
#1635=AXIS2_PLACEMENT_3D('',#2481,#2002,#2003);
#1636=AXIS2_PLACEMENT_3D('',#2482,#2004,#2005);
#1637=AXIS2_PLACEMENT_3D('',#2483,#2006,#2007);
#1638=AXIS2_PLACEMENT_3D('',#2484,#2008,#2009);
#1639=AXIS2_PLACEMENT_3D('',#2493,#2014,#2015);
#1640=AXIS2_PLACEMENT_3D('',#2499,#2019,#2020);
#1641=AXIS2_PLACEMENT_3D('',#2505,#2024,#2025);
#1642=AXIS2_PLACEMENT_3D('',#2508,#2028,#2029);
#1643=AXIS2_PLACEMENT_3D('',#2510,#2030,#2031);
#1644=AXIS2_PLACEMENT_3D('',#2513,#2033,#2034);
#1645=AXIS2_PLACEMENT_3D('',#2514,#2035,#2036);
#1646=AXIS2_PLACEMENT_3D('',#2516,#2037,#2038);
#1647=AXIS2_PLACEMENT_3D('',#2519,#2040,#2041);
#1648=AXIS2_PLACEMENT_3D('',#2520,#2042,#2043);
#1649=AXIS2_PLACEMENT_3D('',#2529,#2048,#2049);
#1650=AXIS2_PLACEMENT_3D('',#2543,#2057,#2058);
#1651=AXIS2_PLACEMENT_3D('',#2547,#2061,#2062);
#1652=AXIS2_PLACEMENT_3D('',#2553,#2066,#2067);
#1653=AXIS2_PLACEMENT_3D('',#2562,#2073,#2074);
#1654=AXIS2_PLACEMENT_3D('',#2564,#2076,#2077);
#1655=AXIS2_PLACEMENT_3D('',#2565,#2078,#2079);
#1656=AXIS2_PLACEMENT_3D('',#2567,#2081,#2082);
#1657=AXIS2_PLACEMENT_3D('',#2569,#2084,#2085);
#1658=AXIS2_PLACEMENT_3D('',#2570,#2086,#2087);
#1659=AXIS2_PLACEMENT_3D('',#2572,#2088,#2089);
#1660=AXIS2_PLACEMENT_3D('',#2575,#2091,#2092);
#1661=AXIS2_PLACEMENT_3D('',#2576,#2093,#2094);
#1662=AXIS2_PLACEMENT_3D('',#2578,#2095,#2096);
#1663=AXIS2_PLACEMENT_3D('',#2579,#2097,#2098);
#1664=AXIS2_PLACEMENT_3D('',#2582,#2100,#2101);
#1665=AXIS2_PLACEMENT_3D('',#2583,#2102,#2103);
#1666=AXIS2_PLACEMENT_3D('',#2585,#2104,#2105);
#1667=AXIS2_PLACEMENT_3D('',#2586,#2106,#2107);
#1668=DIRECTION('axis',(0.,0.,1.));
#1669=DIRECTION('refdir',(1.,0.,0.));
#1670=DIRECTION('center_axis',(-1.,0.,0.));
#1671=DIRECTION('ref_axis',(0.,1.,0.));
#1672=DIRECTION('',(-1.,0.,0.));
#1673=DIRECTION('center_axis',(-1.,0.,0.));
#1674=DIRECTION('ref_axis',(0.,1.,0.));
#1675=DIRECTION('center_axis',(-1.,0.,0.));
#1676=DIRECTION('ref_axis',(0.,1.,0.));
#1677=DIRECTION('center_axis',(-1.,0.,0.));
#1678=DIRECTION('ref_axis',(0.,1.,0.));
#1679=DIRECTION('',(-1.,0.,0.));
#1680=DIRECTION('center_axis',(-1.,0.,0.));
#1681=DIRECTION('ref_axis',(0.,1.,0.));
#1682=DIRECTION('center_axis',(-1.,0.,0.));
#1683=DIRECTION('ref_axis',(0.,1.,0.));
#1684=DIRECTION('center_axis',(-1.,0.,0.));
#1685=DIRECTION('ref_axis',(0.,1.,0.));
#1686=DIRECTION('center_axis',(-1.,0.,0.));
#1687=DIRECTION('ref_axis',(0.,1.,0.));
#1688=DIRECTION('',(-1.,0.,0.));
#1689=DIRECTION('center_axis',(-1.,0.,0.));
#1690=DIRECTION('ref_axis',(0.,1.,0.));
#1691=DIRECTION('center_axis',(-1.,0.,0.));
#1692=DIRECTION('ref_axis',(0.,1.,0.));
#1693=DIRECTION('center_axis',(-1.,0.,0.));
#1694=DIRECTION('ref_axis',(0.,1.,0.));
#1695=DIRECTION('',(-1.,0.,0.));
#1696=DIRECTION('center_axis',(-1.,0.,0.));
#1697=DIRECTION('ref_axis',(0.,1.,0.));
#1698=DIRECTION('center_axis',(-1.,0.,0.));
#1699=DIRECTION('ref_axis',(0.,1.,0.));
#1700=DIRECTION('center_axis',(-1.,0.,0.));
#1701=DIRECTION('ref_axis',(0.,1.,0.));
#1702=DIRECTION('center_axis',(0.,1.,0.));
#1703=DIRECTION('ref_axis',(0.,0.,-1.));
#1704=DIRECTION('center_axis',(0.,-1.,0.));
#1705=DIRECTION('ref_axis',(0.,0.,-1.));
#1706=DIRECTION('',(0.,1.,0.));
#1707=DIRECTION('center_axis',(0.,1.,0.));
#1708=DIRECTION('ref_axis',(0.,0.,-1.));
#1709=DIRECTION('',(0.,-1.,0.));
#1710=DIRECTION('center_axis',(0.,-1.,0.));
#1711=DIRECTION('ref_axis',(0.,0.,-1.));
#1712=DIRECTION('',(0.,-1.,0.));
#1713=DIRECTION('center_axis',(0.,1.,0.));
#1714=DIRECTION('ref_axis',(0.,0.,-1.));
#1715=DIRECTION('',(0.,1.,0.));
#1716=DIRECTION('center_axis',(0.,1.,0.));
#1717=DIRECTION('ref_axis',(1.,0.,0.));
#1718=DIRECTION('',(0.,0.,-1.));
#1719=DIRECTION('center_axis',(0.,1.,0.));
#1720=DIRECTION('ref_axis',(1.,0.,0.));
#1721=DIRECTION('',(0.,0.,-1.));
#1722=DIRECTION('center_axis',(1.,0.,0.));
#1723=DIRECTION('ref_axis',(0.,0.,-1.));
#1724=DIRECTION('',(0.,0.,-1.));
#1725=DIRECTION('',(0.,1.,0.));
#1726=DIRECTION('center_axis',(-1.,0.,0.));
#1727=DIRECTION('ref_axis',(0.,1.,0.));
#1728=DIRECTION('',(0.,-1.,0.));
#1729=DIRECTION('',(0.,0.,1.));
#1730=DIRECTION('',(0.,-1.,1.46690898933737E-15));
#1731=DIRECTION('',(0.,0.,1.));
#1732=DIRECTION('center_axis',(0.,1.,0.));
#1733=DIRECTION('ref_axis',(1.,0.,0.));
#1734=DIRECTION('',(0.,0.,-1.));
#1735=DIRECTION('center_axis',(0.,-1.,0.));
#1736=DIRECTION('ref_axis',(1.,0.,0.));
#1737=DIRECTION('center_axis',(1.,0.,0.));
#1738=DIRECTION('ref_axis',(0.,0.,-1.));
#1739=DIRECTION('',(0.,0.,1.));
#1740=DIRECTION('',(0.,1.,0.));
#1741=DIRECTION('',(0.,1.,0.));
#1742=DIRECTION('center_axis',(-1.,0.,0.));
#1743=DIRECTION('ref_axis',(0.,1.,0.));
#1744=DIRECTION('',(0.,-1.,0.));
#1745=DIRECTION('center_axis',(0.,-1.,0.));
#1746=DIRECTION('ref_axis',(0.,0.,1.));
#1747=DIRECTION('',(0.,0.,1.));
#1748=DIRECTION('',(-1.,0.,0.));
#1749=DIRECTION('center_axis',(-1.,0.,0.));
#1750=DIRECTION('ref_axis',(0.,0.,1.));
#1751=DIRECTION('',(0.,0.,-1.));
#1752=DIRECTION('',(0.,1.,0.));
#1753=DIRECTION('center_axis',(0.,1.,0.));
#1754=DIRECTION('ref_axis',(0.,0.,-1.));
#1755=DIRECTION('center_axis',(0.,1.,0.));
#1756=DIRECTION('ref_axis',(1.,0.,0.));
#1757=DIRECTION('',(0.,0.,-1.));
#1758=DIRECTION('',(-1.,0.,0.));
#1759=DIRECTION('center_axis',(0.,1.,0.));
#1760=DIRECTION('ref_axis',(0.,0.,-1.));
#1761=DIRECTION('center_axis',(0.,1.,0.));
#1762=DIRECTION('ref_axis',(1.,0.,0.));
#1763=DIRECTION('',(-1.,0.,0.));
#1764=DIRECTION('center_axis',(-1.,0.,0.));
#1765=DIRECTION('ref_axis',(0.,0.,1.));
#1766=DIRECTION('',(0.,0.,1.));
#1767=DIRECTION('',(0.,-1.,1.46690898933737E-15));
#1768=DIRECTION('center_axis',(0.,-1.,0.));
#1769=DIRECTION('ref_axis',(0.,0.,1.));
#1770=DIRECTION('',(-1.,0.,0.));
#1771=DIRECTION('center_axis',(0.,0.,1.));
#1772=DIRECTION('ref_axis',(0.,1.,0.));
#1773=DIRECTION('center_axis',(0.,-1.46690898933737E-15,-1.));
#1774=DIRECTION('ref_axis',(0.,-1.,1.46690898933737E-15));
#1775=DIRECTION('',(1.,0.,0.));
#1776=DIRECTION('center_axis',(0.,1.,0.));
#1777=DIRECTION('ref_axis',(1.,0.,0.));
#1778=DIRECTION('center_axis',(0.,1.,0.));
#1779=DIRECTION('ref_axis',(1.,0.,0.));
#1780=DIRECTION('center_axis',(1.,0.,0.));
#1781=DIRECTION('ref_axis',(0.,1.,0.));
#1782=DIRECTION('',(0.,1.,0.));
#1783=DIRECTION('center_axis',(-1.,0.,0.));
#1784=DIRECTION('ref_axis',(0.,1.,0.));
#1785=DIRECTION('center_axis',(-1.,0.,0.));
#1786=DIRECTION('ref_axis',(0.,1.,0.));
#1787=DIRECTION('center_axis',(-1.,0.,0.));
#1788=DIRECTION('ref_axis',(0.,1.,0.));
#1789=DIRECTION('center_axis',(1.,0.,0.));
#1790=DIRECTION('ref_axis',(0.,1.,0.));
#1791=DIRECTION('',(0.,-1.,0.));
#1792=DIRECTION('center_axis',(-1.,0.,0.));
#1793=DIRECTION('ref_axis',(0.,1.,0.));
#1794=DIRECTION('center_axis',(-1.,0.,0.));
#1795=DIRECTION('ref_axis',(0.,1.,0.));
#1796=DIRECTION('center_axis',(-1.,0.,0.));
#1797=DIRECTION('ref_axis',(0.,1.,0.));
#1798=DIRECTION('center_axis',(-1.,0.,0.));
#1799=DIRECTION('ref_axis',(0.,1.,0.));
#1800=DIRECTION('center_axis',(1.,0.,0.));
#1801=DIRECTION('ref_axis',(0.,1.,0.));
#1802=DIRECTION('',(0.,1.,0.));
#1803=DIRECTION('center_axis',(-1.,0.,0.));
#1804=DIRECTION('ref_axis',(0.,1.,0.));
#1805=DIRECTION('center_axis',(-1.,0.,0.));
#1806=DIRECTION('ref_axis',(0.,1.,0.));
#1807=DIRECTION('center_axis',(1.,0.,0.));
#1808=DIRECTION('ref_axis',(0.,1.,0.));
#1809=DIRECTION('',(0.,-1.,0.));
#1810=DIRECTION('center_axis',(-1.,0.,0.));
#1811=DIRECTION('ref_axis',(0.,1.,0.));
#1812=DIRECTION('center_axis',(-1.,0.,0.));
#1813=DIRECTION('ref_axis',(0.,1.,0.));
#1814=DIRECTION('center_axis',(-1.,0.,0.));
#1815=DIRECTION('ref_axis',(0.,1.,0.));
#1816=DIRECTION('center_axis',(1.,0.,0.));
#1817=DIRECTION('ref_axis',(0.,0.,-1.));
#1818=DIRECTION('',(0.,-1.,0.));
#1819=DIRECTION('',(0.,1.,0.));
#1820=DIRECTION('center_axis',(1.,0.,0.));
#1821=DIRECTION('ref_axis',(0.,0.,-1.));
#1822=DIRECTION('',(0.,1.,0.));
#1823=DIRECTION('',(0.,0.,-1.));
#1824=DIRECTION('',(0.,-1.,0.));
#1825=DIRECTION('',(0.,1.,0.));
#1826=DIRECTION('',(0.,0.,1.));
#1827=DIRECTION('',(0.,-1.,0.));
#1828=DIRECTION('center_axis',(1.,0.,0.));
#1829=DIRECTION('ref_axis',(0.,0.,-1.));
#1830=DIRECTION('',(0.,-1.,0.));
#1831=DIRECTION('',(0.,1.,0.));
#1832=DIRECTION('center_axis',(0.,1.,0.));
#1833=DIRECTION('ref_axis',(-1.,0.,-1.22464679914735E-16));
#1834=DIRECTION('center_axis',(0.,-1.,0.));
#1835=DIRECTION('ref_axis',(1.,0.,0.));
#1836=DIRECTION('center_axis',(0.,1.,0.));
#1837=DIRECTION('ref_axis',(1.,0.,0.));
#1838=DIRECTION('center_axis',(0.,1.,0.));
#1839=DIRECTION('ref_axis',(-1.,0.,-1.22464679914735E-16));
#1840=DIRECTION('center_axis',(0.,1.,0.));
#1841=DIRECTION('ref_axis',(1.,0.,0.));
#1842=DIRECTION('center_axis',(0.,1.,0.));
#1843=DIRECTION('ref_axis',(1.,0.,0.));
#1844=DIRECTION('center_axis',(1.,0.,0.));
#1845=DIRECTION('ref_axis',(0.,-1.,0.));
#1846=DIRECTION('',(1.,0.,0.));
#1847=DIRECTION('center_axis',(1.,0.,0.));
#1848=DIRECTION('ref_axis',(0.,-1.,0.));
#1849=DIRECTION('center_axis',(1.,0.,0.));
#1850=DIRECTION('ref_axis',(0.,-1.,0.));
#1851=DIRECTION('center_axis',(1.,0.,0.));
#1852=DIRECTION('ref_axis',(0.,-1.,0.));
#1853=DIRECTION('center_axis',(1.,0.,0.));
#1854=DIRECTION('ref_axis',(0.,-1.,0.));
#1855=DIRECTION('',(1.,0.,0.));
#1856=DIRECTION('center_axis',(1.,0.,0.));
#1857=DIRECTION('ref_axis',(0.,-1.,0.));
#1858=DIRECTION('center_axis',(1.,0.,0.));
#1859=DIRECTION('ref_axis',(0.,-1.,0.));
#1860=DIRECTION('center_axis',(1.,0.,0.));
#1861=DIRECTION('ref_axis',(0.,-1.,0.));
#1862=DIRECTION('center_axis',(1.,0.,0.));
#1863=DIRECTION('ref_axis',(0.,-1.,0.));
#1864=DIRECTION('',(1.,0.,0.));
#1865=DIRECTION('center_axis',(1.,0.,0.));
#1866=DIRECTION('ref_axis',(0.,-1.,0.));
#1867=DIRECTION('center_axis',(1.,0.,0.));
#1868=DIRECTION('ref_axis',(0.,-1.,0.));
#1869=DIRECTION('center_axis',(1.,0.,0.));
#1870=DIRECTION('ref_axis',(0.,-1.,0.));
#1871=DIRECTION('',(1.,0.,0.));
#1872=DIRECTION('center_axis',(1.,0.,0.));
#1873=DIRECTION('ref_axis',(0.,-1.,0.));
#1874=DIRECTION('center_axis',(1.,0.,0.));
#1875=DIRECTION('ref_axis',(0.,-1.,0.));
#1876=DIRECTION('center_axis',(0.,1.,0.));
#1877=DIRECTION('ref_axis',(0.,0.,-1.));
#1878=DIRECTION('',(0.,-1.,0.));
#1879=DIRECTION('center_axis',(0.,-1.,0.));
#1880=DIRECTION('ref_axis',(0.,0.,-1.));
#1881=DIRECTION('',(0.,1.,0.));
#1882=DIRECTION('center_axis',(0.,1.,0.));
#1883=DIRECTION('ref_axis',(0.,0.,-1.));
#1884=DIRECTION('center_axis',(0.,1.,0.));
#1885=DIRECTION('ref_axis',(1.,0.,0.));
#1886=DIRECTION('',(0.,0.,-1.));
#1887=DIRECTION('center_axis',(0.,-1.,0.));
#1888=DIRECTION('ref_axis',(1.,0.,0.));
#1889=DIRECTION('',(0.,0.,-1.));
#1890=DIRECTION('center_axis',(1.,0.,0.));
#1891=DIRECTION('ref_axis',(0.,0.,-1.));
#1892=DIRECTION('',(0.,0.,1.));
#1893=DIRECTION('',(0.,-1.,0.));
#1894=DIRECTION('center_axis',(1.,0.,0.));
#1895=DIRECTION('ref_axis',(0.,-1.,0.));
#1896=DIRECTION('',(0.,1.,0.));
#1897=DIRECTION('center_axis',(0.,1.,0.));
#1898=DIRECTION('ref_axis',(0.,0.,1.));
#1899=DIRECTION('center_axis',(0.,1.,0.));
#1900=DIRECTION('ref_axis',(1.,0.,0.));
#1901=DIRECTION('',(1.,0.,0.));
#1902=DIRECTION('center_axis',(0.,-1.,0.));
#1903=DIRECTION('ref_axis',(1.,0.,0.));
#1904=DIRECTION('',(-1.,0.,0.));
#1905=DIRECTION('center_axis',(0.,0.,1.));
#1906=DIRECTION('ref_axis',(0.,-1.,0.));
#1907=DIRECTION('',(0.,1.,0.));
#1908=DIRECTION('',(1.,0.,0.));
#1909=DIRECTION('',(0.,-1.,0.));
#1910=DIRECTION('center_axis',(0.,0.,1.));
#1911=DIRECTION('ref_axis',(0.,-1.,0.));
#1912=DIRECTION('',(0.,-1.,0.));
#1913=DIRECTION('',(1.,0.,0.));
#1914=DIRECTION('',(0.,1.,0.));
#1915=DIRECTION('center_axis',(0.,1.,0.));
#1916=DIRECTION('ref_axis',(1.,0.,0.));
#1917=DIRECTION('',(0.,-1.,0.));
#1918=DIRECTION('',(0.,-1.,0.));
#1919=DIRECTION('center_axis',(0.,1.,0.));
#1920=DIRECTION('ref_axis',(1.,0.,0.));
#1921=DIRECTION('',(0.,1.,0.));
#1922=DIRECTION('',(0.,1.,0.));
#1923=DIRECTION('',(0.,1.,0.));
#1924=DIRECTION('center_axis',(0.,1.,0.));
#1925=DIRECTION('ref_axis',(1.,0.,0.));
#1926=DIRECTION('center_axis',(0.,1.,0.));
#1927=DIRECTION('ref_axis',(1.,0.,0.));
#1928=DIRECTION('',(0.,1.,0.));
#1929=DIRECTION('center_axis',(0.,-1.,0.));
#1930=DIRECTION('ref_axis',(1.,0.,0.));
#1931=DIRECTION('center_axis',(0.,1.,0.));
#1932=DIRECTION('ref_axis',(1.,0.,0.));
#1933=DIRECTION('',(0.,0.,1.));
#1934=DIRECTION('center_axis',(1.,0.,0.));
#1935=DIRECTION('ref_axis',(0.,0.,-1.));
#1936=DIRECTION('',(0.,-1.,0.));
#1937=DIRECTION('center_axis',(0.,0.,-1.));
#1938=DIRECTION('ref_axis',(0.,1.,0.));
#1939=DIRECTION('',(0.,-1.,0.));
#1940=DIRECTION('',(1.,0.,0.));
#1941=DIRECTION('',(1.,0.,0.));
#1942=DIRECTION('center_axis',(0.,-1.,0.));
#1943=DIRECTION('ref_axis',(0.,0.,-1.));
#1944=DIRECTION('center_axis',(0.,-1.,0.));
#1945=DIRECTION('ref_axis',(1.,0.,0.));
#1946=DIRECTION('center_axis',(0.,1.,0.));
#1947=DIRECTION('ref_axis',(0.,0.,1.));
#1948=DIRECTION('center_axis',(0.,1.,0.));
#1949=DIRECTION('ref_axis',(1.,0.,0.));
#1950=DIRECTION('center_axis',(-1.,0.,0.));
#1951=DIRECTION('ref_axis',(0.,-1.,0.));
#1952=DIRECTION('',(0.,1.,0.));
#1953=DIRECTION('center_axis',(1.,0.,0.));
#1954=DIRECTION('ref_axis',(0.,-1.,0.));
#1955=DIRECTION('center_axis',(1.,0.,0.));
#1956=DIRECTION('ref_axis',(0.,-1.,0.));
#1957=DIRECTION('center_axis',(1.,0.,0.));
#1958=DIRECTION('ref_axis',(0.,-1.,0.));
#1959=DIRECTION('center_axis',(-1.,0.,0.));
#1960=DIRECTION('ref_axis',(0.,-1.,0.));
#1961=DIRECTION('',(0.,1.,0.));
#1962=DIRECTION('center_axis',(1.,0.,0.));
#1963=DIRECTION('ref_axis',(0.,-1.,0.));
#1964=DIRECTION('center_axis',(1.,0.,0.));
#1965=DIRECTION('ref_axis',(0.,-1.,0.));
#1966=DIRECTION('center_axis',(1.,0.,0.));
#1967=DIRECTION('ref_axis',(0.,-1.,0.));
#1968=DIRECTION('center_axis',(1.,0.,0.));
#1969=DIRECTION('ref_axis',(0.,-1.,0.));
#1970=DIRECTION('center_axis',(1.,0.,0.));
#1971=DIRECTION('ref_axis',(0.,-1.,0.));
#1972=DIRECTION('center_axis',(1.,0.,0.));
#1973=DIRECTION('ref_axis',(0.,-1.,0.));
#1974=DIRECTION('center_axis',(1.,0.,0.));
#1975=DIRECTION('ref_axis',(0.,-1.,0.));
#1976=DIRECTION('center_axis',(-1.,0.,0.));
#1977=DIRECTION('ref_axis',(0.,-1.,0.));
#1978=DIRECTION('',(0.,-1.,0.));
#1979=DIRECTION('center_axis',(1.,0.,0.));
#1980=DIRECTION('ref_axis',(0.,-1.,0.));
#1981=DIRECTION('center_axis',(1.,0.,0.));
#1982=DIRECTION('ref_axis',(0.,-1.,0.));
#1983=DIRECTION('center_axis',(1.,0.,0.));
#1984=DIRECTION('ref_axis',(0.,-1.,0.));
#1985=DIRECTION('center_axis',(-1.,0.,0.));
#1986=DIRECTION('ref_axis',(0.,-1.,0.));
#1987=DIRECTION('',(0.,-1.,0.));
#1988=DIRECTION('center_axis',(1.,0.,0.));
#1989=DIRECTION('ref_axis',(0.,0.,-1.));
#1990=DIRECTION('',(0.,-1.,0.));
#1991=DIRECTION('center_axis',(1.,0.,0.));
#1992=DIRECTION('ref_axis',(0.,0.,-1.));
#1993=DIRECTION('',(0.,0.,-1.));
#1994=DIRECTION('',(0.,-1.,0.));
#1995=DIRECTION('',(0.,0.,1.));
#1996=DIRECTION('',(0.,1.,0.));
#1997=DIRECTION('center_axis',(1.,0.,0.));
#1998=DIRECTION('ref_axis',(0.,0.,-1.));
#1999=DIRECTION('',(0.,1.,0.));
#2000=DIRECTION('center_axis',(0.,1.,0.));
#2001=DIRECTION('ref_axis',(1.,0.,0.));
#2002=DIRECTION('center_axis',(0.,-1.,0.));
#2003=DIRECTION('ref_axis',(1.,0.,0.));
#2004=DIRECTION('center_axis',(0.,1.,0.));
#2005=DIRECTION('ref_axis',(1.,0.,0.));
#2006=DIRECTION('center_axis',(0.,1.,0.));
#2007=DIRECTION('ref_axis',(1.,0.,0.));
#2008=DIRECTION('center_axis',(0.,0.,-1.));
#2009=DIRECTION('ref_axis',(0.,1.,0.));
#2010=DIRECTION('',(0.,-1.,0.));
#2011=DIRECTION('',(1.,0.,0.));
#2012=DIRECTION('',(0.,1.,0.));
#2013=DIRECTION('',(1.,0.,0.));
#2014=DIRECTION('center_axis',(0.,-1.,0.));
#2015=DIRECTION('ref_axis',(0.,0.,-1.));
#2016=DIRECTION('',(0.,0.,1.));
#2017=DIRECTION('',(0.,0.,-1.));
#2018=DIRECTION('',(-1.,0.,0.));
#2019=DIRECTION('center_axis',(0.,0.,1.));
#2020=DIRECTION('ref_axis',(0.,-1.,0.));
#2021=DIRECTION('',(0.,1.,0.));
#2022=DIRECTION('',(0.,-1.,0.));
#2023=DIRECTION('',(1.,0.,0.));
#2024=DIRECTION('center_axis',(0.,1.,0.));
#2025=DIRECTION('ref_axis',(0.,0.,1.));
#2026=DIRECTION('',(0.,0.,-1.));
#2027=DIRECTION('',(0.,0.,1.));
#2028=DIRECTION('center_axis',(-1.,0.,0.));
#2029=DIRECTION('ref_axis',(0.,1.,0.));
#2030=DIRECTION('center_axis',(-1.,0.,0.));
#2031=DIRECTION('ref_axis',(0.,1.,0.));
#2032=DIRECTION('',(-1.,0.,0.));
#2033=DIRECTION('center_axis',(1.,0.,0.));
#2034=DIRECTION('ref_axis',(0.,1.,0.));
#2035=DIRECTION('center_axis',(-1.,0.,0.));
#2036=DIRECTION('ref_axis',(0.,1.,0.));
#2037=DIRECTION('center_axis',(-1.,0.,0.));
#2038=DIRECTION('ref_axis',(0.,1.,0.));
#2039=DIRECTION('',(-1.,0.,0.));
#2040=DIRECTION('center_axis',(1.,0.,0.));
#2041=DIRECTION('ref_axis',(0.,1.,0.));
#2042=DIRECTION('center_axis',(0.,0.,-1.));
#2043=DIRECTION('ref_axis',(0.,-1.,0.));
#2044=DIRECTION('',(0.,-1.,0.));
#2045=DIRECTION('',(1.,0.,0.));
#2046=DIRECTION('',(0.,-1.,0.));
#2047=DIRECTION('',(-1.,0.,0.));
#2048=DIRECTION('center_axis',(0.,1.,0.));
#2049=DIRECTION('ref_axis',(0.,0.,-1.));
#2050=DIRECTION('',(-1.,0.,0.));
#2051=DIRECTION('',(0.,0.,-1.));
#2052=DIRECTION('',(0.,0.,-1.));
#2053=DIRECTION('',(-1.,0.,0.));
#2054=DIRECTION('',(0.,0.,-1.));
#2055=DIRECTION('',(-1.,0.,0.));
#2056=DIRECTION('',(0.,0.,-1.));
#2057=DIRECTION('center_axis',(1.,0.,0.));
#2058=DIRECTION('ref_axis',(0.,1.,0.));
#2059=DIRECTION('',(0.,0.,1.));
#2060=DIRECTION('',(0.,-1.,0.));
#2061=DIRECTION('center_axis',(1.,0.,0.));
#2062=DIRECTION('ref_axis',(0.,1.,0.));
#2063=DIRECTION('',(0.,1.,1.92747057194544E-17));
#2064=DIRECTION('',(0.,1.,0.));
#2065=DIRECTION('',(0.,0.,1.));
#2066=DIRECTION('center_axis',(0.,-1.,0.));
#2067=DIRECTION('ref_axis',(0.,0.,1.));
#2068=DIRECTION('',(0.,0.,1.));
#2069=DIRECTION('',(1.,0.,0.));
#2070=DIRECTION('',(-1.,0.,0.));
#2071=DIRECTION('',(0.,0.,1.));
#2072=DIRECTION('',(-1.,0.,0.));
#2073=DIRECTION('center_axis',(0.,0.,1.));
#2074=DIRECTION('ref_axis',(0.,1.,0.));
#2075=DIRECTION('',(0.,1.,1.92747057194544E-17));
#2076=DIRECTION('center_axis',(-1.,0.,0.));
#2077=DIRECTION('ref_axis',(0.,0.,1.));
#2078=DIRECTION('center_axis',(0.,0.,-1.));
#2079=DIRECTION('ref_axis',(0.,-1.,0.));
#2080=DIRECTION('',(0.,-1.,0.));
#2081=DIRECTION('center_axis',(0.,0.,1.));
#2082=DIRECTION('ref_axis',(0.,1.,0.));
#2083=DIRECTION('',(0.,1.,0.));
#2084=DIRECTION('center_axis',(-1.,0.,0.));
#2085=DIRECTION('ref_axis',(0.,0.,1.));
#2086=DIRECTION('center_axis',(0.,-1.,0.));
#2087=DIRECTION('ref_axis',(1.,0.,0.));
#2088=DIRECTION('center_axis',(0.,-1.,0.));
#2089=DIRECTION('ref_axis',(1.,0.,0.));
#2090=DIRECTION('',(0.,1.,0.));
#2091=DIRECTION('center_axis',(0.,1.,0.));
#2092=DIRECTION('ref_axis',(1.,0.,0.));
#2093=DIRECTION('center_axis',(0.,-1.,0.));
#2094=DIRECTION('ref_axis',(1.,0.,0.));
#2095=DIRECTION('center_axis',(0.,1.,0.));
#2096=DIRECTION('ref_axis',(0.,0.,-1.));
#2097=DIRECTION('center_axis',(0.,1.,0.));
#2098=DIRECTION('ref_axis',(0.,0.,-1.));
#2099=DIRECTION('',(0.,1.,0.));
#2100=DIRECTION('center_axis',(0.,-1.,0.));
#2101=DIRECTION('ref_axis',(0.,0.,-1.));
#2102=DIRECTION('center_axis',(0.,-1.,0.));
#2103=DIRECTION('ref_axis',(1.,0.,0.));
#2104=DIRECTION('center_axis',(0.,-1.,0.));
#2105=DIRECTION('ref_axis',(1.,0.,0.));
#2106=DIRECTION('center_axis',(0.,1.,0.));
#2107=DIRECTION('ref_axis',(1.,0.,0.));
#2108=DIRECTION('',(-0.116670737099333,0.993170649538486,-1.42880444742861E-17));
#2109=CARTESIAN_POINT('',(0.,0.,0.));
#2110=CARTESIAN_POINT('Origin',(0.,20.,-22.5625));
#2111=CARTESIAN_POINT('',(0.,17.5,-22.5625));
#2112=CARTESIAN_POINT('',(-1.1,17.5,-22.5625));
#2113=CARTESIAN_POINT('',(0.,17.5,-22.5625));
#2114=CARTESIAN_POINT('',(0.,20.,-25.0625));
#2115=CARTESIAN_POINT('Origin',(0.,20.,-22.5625));
#2116=CARTESIAN_POINT('',(-1.1,19.6533400041993,-25.038348712525));
#2117=CARTESIAN_POINT('Ctrl Pts',(-1.1,19.6533400041993,-25.038348712525));
#2118=CARTESIAN_POINT('Ctrl Pts',(-0.723866061083665,19.7713584523123,-25.0548732580355));
#2119=CARTESIAN_POINT('Ctrl Pts',(-0.355559991878097,19.8877023425322,-25.0625));
#2120=CARTESIAN_POINT('Ctrl Pts',(0.,20.,-25.0625));
#2121=CARTESIAN_POINT('Origin',(-1.1,20.,-22.5625));
#2122=CARTESIAN_POINT('Origin',(0.,20.,22.5625));
#2123=CARTESIAN_POINT('',(0.,17.5,22.5625));
#2124=CARTESIAN_POINT('',(-1.1,17.5,22.5625));
#2125=CARTESIAN_POINT('',(0.,17.5,22.5625));
#2126=CARTESIAN_POINT('',(0.,20.,20.0625));
#2127=CARTESIAN_POINT('Origin',(0.,20.,22.5625));
#2128=CARTESIAN_POINT('',(0.,20.,25.0625));
#2129=CARTESIAN_POINT('Origin',(0.,20.,22.5625));
#2130=CARTESIAN_POINT('',(-1.1,20.3466599958007,25.038348712525));
#2131=CARTESIAN_POINT('Ctrl Pts',(-1.1,20.3466599958007,25.038348712525));
#2132=CARTESIAN_POINT('Ctrl Pts',(-0.723866061083664,20.2286415476877,25.0548732580355));
#2133=CARTESIAN_POINT('Ctrl Pts',(-0.355559991878097,20.1122976574678,25.0625));
#2134=CARTESIAN_POINT('Ctrl Pts',(0.,20.,25.0625));
#2135=CARTESIAN_POINT('Origin',(-1.1,20.,22.5625));
#2136=CARTESIAN_POINT('Origin',(0.,95.2,-22.5625));
#2137=CARTESIAN_POINT('',(0.,92.7,-22.5625));
#2138=CARTESIAN_POINT('',(-1.1,92.7,-22.5625));
#2139=CARTESIAN_POINT('',(0.,92.7,-22.5625));
#2140=CARTESIAN_POINT('',(0.,95.2,-25.0625));
#2141=CARTESIAN_POINT('Origin',(0.,95.2,-22.5625));
#2142=CARTESIAN_POINT('',(-1.1,94.8533400041993,-25.038348712525));
#2143=CARTESIAN_POINT('Ctrl Pts',(-1.1,94.8533400041993,-25.038348712525));
#2144=CARTESIAN_POINT('Ctrl Pts',(-0.723866061083661,94.9713584523123,-25.0548732580355));
#2145=CARTESIAN_POINT('Ctrl Pts',(-0.355559991878098,95.0877023425322,-25.0625));
#2146=CARTESIAN_POINT('Ctrl Pts',(0.,95.2,-25.0625));
#2147=CARTESIAN_POINT('Origin',(-1.1,95.2,-22.5625));
#2148=CARTESIAN_POINT('Origin',(0.,95.2,22.5625));
#2149=CARTESIAN_POINT('',(0.,92.7,22.5625));
#2150=CARTESIAN_POINT('',(-1.1,92.7,22.5625));
#2151=CARTESIAN_POINT('',(0.,92.7,22.5625));
#2152=CARTESIAN_POINT('',(0.,95.2,20.0625));
#2153=CARTESIAN_POINT('Origin',(0.,95.2,22.5625));
#2154=CARTESIAN_POINT('',(0.,95.2,25.0625));
#2155=CARTESIAN_POINT('Origin',(0.,95.2,22.5625));
#2156=CARTESIAN_POINT('',(-1.1,95.5466599958007,25.038348712525));
#2157=CARTESIAN_POINT('Ctrl Pts',(-1.1,95.5466599958007,25.038348712525));
#2158=CARTESIAN_POINT('Ctrl Pts',(-0.723866061083661,95.4286415476878,25.0548732580355));
#2159=CARTESIAN_POINT('Ctrl Pts',(-0.355559991878098,95.3122976574678,25.0625));
#2160=CARTESIAN_POINT('Ctrl Pts',(0.,95.2,25.0625));
#2161=CARTESIAN_POINT('Origin',(-1.1,95.2,22.5625));
#2162=CARTESIAN_POINT('Origin',(0.,-7.5,0.));
#2163=CARTESIAN_POINT('',(0.,-3.02738079238757,5.));
#2164=CARTESIAN_POINT('',(-2.,-3.02738079238757,4.58257569495584));
#2165=CARTESIAN_POINT('Origin',(0.,-3.02738079238757,0.));
#2166=CARTESIAN_POINT('',(0.,-5.,5.));
#2167=CARTESIAN_POINT('',(0.,-7.5,5.));
#2168=CARTESIAN_POINT('',(0.,-5.,-5.));
#2169=CARTESIAN_POINT('Origin',(0.,-5.,0.));
#2170=CARTESIAN_POINT('',(0.,-3.02738079238757,-5.));
#2171=CARTESIAN_POINT('',(0.,-7.5,-5.));
#2172=CARTESIAN_POINT('',(-2.,-3.02738079238757,-4.58257569495584));
#2173=CARTESIAN_POINT('Origin',(0.,-3.02738079238757,0.));
#2174=CARTESIAN_POINT('',(-2.,0.,-4.58257569495584));
#2175=CARTESIAN_POINT('',(-2.,-7.5,-4.58257569495584));
#2176=CARTESIAN_POINT('',(-2.,0.,4.58257569495584));
#2177=CARTESIAN_POINT('Origin',(0.,0.,0.));
#2178=CARTESIAN_POINT('',(-2.,-7.5,4.58257569495584));
#2179=CARTESIAN_POINT('Origin',(0.,0.,0.));
#2180=CARTESIAN_POINT('',(-2.,0.,-19.9625626173094));
#2181=CARTESIAN_POINT('',(-2.,0.,0.0156249254941931));
#2182=CARTESIAN_POINT('',(-2.,0.,19.9625626173094));
#2183=CARTESIAN_POINT('Origin',(0.,0.,0.));
#2184=CARTESIAN_POINT('',(-2.,0.,0.0156249254941931));
#2185=CARTESIAN_POINT('Origin',(0.,57.6,0.));
#2186=CARTESIAN_POINT('',(0.,-5.,-25.0625));
#2187=CARTESIAN_POINT('',(0.,-5.,0.));
#2188=CARTESIAN_POINT('',(0.,0.,-25.0625));
#2189=CARTESIAN_POINT('',(0.,20.,-20.0625));
#2190=CARTESIAN_POINT('Origin',(0.,20.,-22.5625));
#2191=CARTESIAN_POINT('',(0.,0.,-20.0625));
#2192=CARTESIAN_POINT('',(0.,0.,-20.0625));
#2193=CARTESIAN_POINT('',(0.,0.,-20.0000002980232));
#2194=CARTESIAN_POINT('',(0.,0.,0.));
#2195=CARTESIAN_POINT('',(0.,-3.02738079238757,-20.0000002980232));
#2196=CARTESIAN_POINT('',(0.,28.8,-20.0000002980233));
#2197=CARTESIAN_POINT('',(0.,-3.02738079238757,-10.0000001490116));
#2198=CARTESIAN_POINT('Origin',(0.,-5.,0.));
#2199=CARTESIAN_POINT('',(0.,-5.,25.0625));
#2200=CARTESIAN_POINT('',(0.,-5.,0.));
#2201=CARTESIAN_POINT('Origin',(0.,-5.,0.));
#2202=CARTESIAN_POINT('Origin',(0.,57.6,0.));
#2203=CARTESIAN_POINT('',(0.,-3.02738079238757,20.0625));
#2204=CARTESIAN_POINT('',(0.,-3.02738079238757,-10.0000001490116));
#2205=CARTESIAN_POINT('',(0.,0.,20.0625));
#2206=CARTESIAN_POINT('',(0.,27.2863096038062,20.0625));
#2207=CARTESIAN_POINT('',(0.,0.,20.0625));
#2208=CARTESIAN_POINT('Origin',(0.,20.,22.5625));
#2209=CARTESIAN_POINT('',(0.,0.,25.0625));
#2210=CARTESIAN_POINT('Origin',(0.,-3.02738079238757,-20.0000002980232));
#2211=CARTESIAN_POINT('',(-2.,-3.02738079238757,20.0625));
#2212=CARTESIAN_POINT('',(-2.,-3.02738079238757,-20.0000002980232));
#2213=CARTESIAN_POINT('',(0.,-3.02738079238757,20.0625));
#2214=CARTESIAN_POINT('Origin',(-2.,-1.51369039619379,0.0312498509883863));
#2215=CARTESIAN_POINT('',(-2.,0.,20.0625));
#2216=CARTESIAN_POINT('',(-2.,0.,20.0625));
#2217=CARTESIAN_POINT('',(-2.,-3.02738079238757,20.0625));
#2218=CARTESIAN_POINT('Origin',(0.,0.,20.0625));
#2219=CARTESIAN_POINT('',(-1.58236984585494,0.,-20.0000002980232));
#2220=CARTESIAN_POINT('Origin',(0.,0.,0.));
#2221=CARTESIAN_POINT('',(-2.,0.,-20.0000002980232));
#2222=CARTESIAN_POINT('',(-2.,0.,20.0625));
#2223=CARTESIAN_POINT('',(0.,0.,-20.0000002980232));
#2224=CARTESIAN_POINT('Origin',(0.,0.,20.0625));
#2225=CARTESIAN_POINT('Origin',(0.,0.,0.));
#2226=CARTESIAN_POINT('',(0.,0.,20.0625));
#2227=CARTESIAN_POINT('Origin',(-2.,-1.51369039619379,0.0312498509883863));
#2228=CARTESIAN_POINT('',(-2.,-3.02738079238757,-20.0000002980232));
#2229=CARTESIAN_POINT('',(-2.,-3.02738079238757,-20.0000002980232));
#2230=CARTESIAN_POINT('',(-2.,0.,-20.0000002980232));
#2231=CARTESIAN_POINT('Origin',(0.,-3.02738079238757,-20.0000002980232));
#2232=CARTESIAN_POINT('',(0.,-3.02738079238757,-20.0000002980232));
#2233=CARTESIAN_POINT('Origin',(0.,-3.02738079238757,20.0625));
#2234=CARTESIAN_POINT('Origin',(0.,0.,-20.0000002980232));
#2235=CARTESIAN_POINT('',(0.,0.,-20.0000002980232));
#2236=CARTESIAN_POINT('Origin',(0.,0.,0.));
#2237=CARTESIAN_POINT('Origin',(0.,0.,0.));
#2238=CARTESIAN_POINT('Origin',(-1.1,95.2,22.5625));
#2239=CARTESIAN_POINT('',(-1.1,94.8533400041993,25.038348712525));
#2240=CARTESIAN_POINT('',(-1.1,0.,25.038348712525));
#2241=CARTESIAN_POINT('Origin',(-1.1,95.2,22.5625));
#2242=CARTESIAN_POINT('Origin',(0.,95.2,22.5625));
#2243=CARTESIAN_POINT('Ctrl Pts',(0.,95.2,25.0625));
#2244=CARTESIAN_POINT('Ctrl Pts',(-0.355559991878098,95.0877023425322,25.0625));
#2245=CARTESIAN_POINT('Ctrl Pts',(-0.72386606108367,94.9713584523123,25.0548732580355));
#2246=CARTESIAN_POINT('Ctrl Pts',(-1.1,94.8533400041993,25.038348712525));
#2247=CARTESIAN_POINT('Origin',(0.,95.2,22.5625));
#2248=CARTESIAN_POINT('Origin',(-1.1,95.2,-22.5625));
#2249=CARTESIAN_POINT('',(-1.1,95.5466599958007,-25.038348712525));
#2250=CARTESIAN_POINT('',(-1.1,0.,-25.038348712525));
#2251=CARTESIAN_POINT('Origin',(-1.1,95.2,-22.5625));
#2252=CARTESIAN_POINT('Origin',(0.,95.2,-22.5625));
#2253=CARTESIAN_POINT('Ctrl Pts',(0.,95.2,-25.0625));
#2254=CARTESIAN_POINT('Ctrl Pts',(-0.355559991878098,95.3122976574678,-25.0625));
#2255=CARTESIAN_POINT('Ctrl Pts',(-0.723866061083661,95.4286415476878,-25.0548732580355));
#2256=CARTESIAN_POINT('Ctrl Pts',(-1.1,95.5466599958007,-25.038348712525));
#2257=CARTESIAN_POINT('',(0.,95.2,-20.0625));
#2258=CARTESIAN_POINT('Origin',(0.,95.2,-22.5625));
#2259=CARTESIAN_POINT('Origin',(0.,95.2,-22.5625));
#2260=CARTESIAN_POINT('Origin',(-1.1,20.,22.5625));
#2261=CARTESIAN_POINT('',(-1.1,19.6533400041993,25.038348712525));
#2262=CARTESIAN_POINT('',(-1.1,0.,25.038348712525));
#2263=CARTESIAN_POINT('Origin',(-1.1,20.,22.5625));
#2264=CARTESIAN_POINT('Origin',(0.,20.,22.5625));
#2265=CARTESIAN_POINT('Ctrl Pts',(0.,20.,25.0625));
#2266=CARTESIAN_POINT('Ctrl Pts',(-0.355559991878097,19.8877023425322,25.0625));
#2267=CARTESIAN_POINT('Ctrl Pts',(-0.723866061083665,19.7713584523123,25.0548732580355));
#2268=CARTESIAN_POINT('Ctrl Pts',(-1.1,19.6533400041993,25.038348712525));
#2269=CARTESIAN_POINT('Origin',(-1.1,20.,-22.5625));
#2270=CARTESIAN_POINT('',(-1.1,20.3466599958007,-25.038348712525));
#2271=CARTESIAN_POINT('',(-1.1,0.,-25.038348712525));
#2272=CARTESIAN_POINT('Origin',(-1.1,20.,-22.5625));
#2273=CARTESIAN_POINT('Origin',(0.,20.,-22.5625));
#2274=CARTESIAN_POINT('Ctrl Pts',(0.,20.,-25.0625));
#2275=CARTESIAN_POINT('Ctrl Pts',(-0.355559991878097,20.1122976574678,-25.0625));
#2276=CARTESIAN_POINT('Ctrl Pts',(-0.723866061083664,20.2286415476877,-25.0548732580355));
#2277=CARTESIAN_POINT('Ctrl Pts',(-1.1,20.3466599958007,-25.038348712525));
#2278=CARTESIAN_POINT('Origin',(0.,20.,-22.5625));
#2279=CARTESIAN_POINT('Origin',(0.,57.6,0.));
#2280=CARTESIAN_POINT('',(0.,0.,-20.0625));
#2281=CARTESIAN_POINT('',(0.,0.,-25.0625));
#2282=CARTESIAN_POINT('Origin',(0.,57.6,0.));
#2283=CARTESIAN_POINT('',(0.,115.2,20.0625));
#2284=CARTESIAN_POINT('',(0.,0.,20.0625));
#2285=CARTESIAN_POINT('',(0.,115.2,-20.0625));
#2286=CARTESIAN_POINT('',(0.,115.2,0.));
#2287=CARTESIAN_POINT('',(0.,0.,-20.0625));
#2288=CARTESIAN_POINT('',(0.,120.2,-25.0625));
#2289=CARTESIAN_POINT('',(0.,0.,-25.0625));
#2290=CARTESIAN_POINT('',(0.,120.2,25.0625));
#2291=CARTESIAN_POINT('',(0.,120.2,0.));
#2292=CARTESIAN_POINT('',(0.,0.,25.0625));
#2293=CARTESIAN_POINT('Origin',(0.,57.6,0.));
#2294=CARTESIAN_POINT('',(0.,0.,25.0625));
#2295=CARTESIAN_POINT('',(0.,0.,20.0625));
#2296=CARTESIAN_POINT('Origin',(0.,0.,0.));
#2297=CARTESIAN_POINT('Origin',(0.,120.2,0.));
#2298=CARTESIAN_POINT('Origin',(0.,120.2,0.));
#2299=CARTESIAN_POINT('Origin',(0.,0.,0.));
#2300=CARTESIAN_POINT('Origin',(0.,115.2,0.));
#2301=CARTESIAN_POINT('Origin',(0.,115.2,0.));
#2302=CARTESIAN_POINT('Origin',(0.,95.2,22.5625));
#2303=CARTESIAN_POINT('',(0.,97.7,22.5625));
#2304=CARTESIAN_POINT('',(1.,97.7,22.5625));
#2305=CARTESIAN_POINT('',(0.,97.7,22.5625));
#2306=CARTESIAN_POINT('',(0.,95.2,20.0625));
#2307=CARTESIAN_POINT('Origin',(0.,95.2,22.5625));
#2308=CARTESIAN_POINT('',(0.,95.2,25.0625));
#2309=CARTESIAN_POINT('Origin',(0.,95.2,22.5625));
#2310=CARTESIAN_POINT('',(1.,94.8847349813902,25.0425419286861));
#2311=CARTESIAN_POINT('Ctrl Pts',(0.999999999999997,94.8847349813902,25.0425419286861));
#2312=CARTESIAN_POINT('Ctrl Pts',(0.658495627893895,94.99201061717,25.0561788978515));
#2313=CARTESIAN_POINT('Ctrl Pts',(0.323894351924462,95.0977034035915,25.0625));
#2314=CARTESIAN_POINT('Ctrl Pts',(0.,95.2,25.0625));
#2315=CARTESIAN_POINT('Origin',(1.,95.2,22.5625));
#2316=CARTESIAN_POINT('Origin',(0.,20.,22.5625));
#2317=CARTESIAN_POINT('',(0.,22.5,22.5625));
#2318=CARTESIAN_POINT('',(1.,22.5,22.5625));
#2319=CARTESIAN_POINT('',(0.,22.5,22.5625));
#2320=CARTESIAN_POINT('',(0.,20.,20.0625));
#2321=CARTESIAN_POINT('Origin',(0.,20.,22.5625));
#2322=CARTESIAN_POINT('',(0.,20.,25.0625));
#2323=CARTESIAN_POINT('Origin',(0.,20.,22.5625));
#2324=CARTESIAN_POINT('',(1.,19.6847349813902,25.0425419286861));
#2325=CARTESIAN_POINT('Ctrl Pts',(1.,19.6847349813902,25.0425419286861));
#2326=CARTESIAN_POINT('Ctrl Pts',(0.658495627893897,19.79201061717,25.0561788978515));
#2327=CARTESIAN_POINT('Ctrl Pts',(0.323894351924462,19.8977034035915,25.0625));
#2328=CARTESIAN_POINT('Ctrl Pts',(0.,20.,25.0625));
#2329=CARTESIAN_POINT('Origin',(1.,20.,22.5625));
#2330=CARTESIAN_POINT('Origin',(0.,95.2,-22.5625));
#2331=CARTESIAN_POINT('',(0.,97.7,-22.5625));
#2332=CARTESIAN_POINT('',(1.,97.7,-22.5625));
#2333=CARTESIAN_POINT('',(0.,97.7,-22.5625));
#2334=CARTESIAN_POINT('',(0.,95.2,-25.0625));
#2335=CARTESIAN_POINT('Origin',(0.,95.2,-22.5625));
#2336=CARTESIAN_POINT('',(1.,95.5152650186099,-25.0425419286861));
#2337=CARTESIAN_POINT('Ctrl Pts',(0.999999999999998,95.5152650186099,-25.0425419286861));
#2338=CARTESIAN_POINT('Ctrl Pts',(0.658495627893896,95.40798938283,-25.0561788978515));
#2339=CARTESIAN_POINT('Ctrl Pts',(0.323894351924464,95.3022965964085,-25.0625));
#2340=CARTESIAN_POINT('Ctrl Pts',(0.,95.2,-25.0625));
#2341=CARTESIAN_POINT('Origin',(1.,95.2,-22.5625));
#2342=CARTESIAN_POINT('Origin',(0.,20.,-22.5625));
#2343=CARTESIAN_POINT('',(0.,22.5,-22.5625));
#2344=CARTESIAN_POINT('',(1.,22.5,-22.5625));
#2345=CARTESIAN_POINT('',(0.,22.5,-22.5625));
#2346=CARTESIAN_POINT('',(0.,20.,-25.0625));
#2347=CARTESIAN_POINT('Origin',(0.,20.,-22.5625));
#2348=CARTESIAN_POINT('',(1.,20.3152650186098,-25.0425419286861));
#2349=CARTESIAN_POINT('Ctrl Pts',(0.999999999999999,20.3152650186098,-25.0425419286861));
#2350=CARTESIAN_POINT('Ctrl Pts',(0.658495627893895,20.20798938283,-25.0561788978515));
#2351=CARTESIAN_POINT('Ctrl Pts',(0.323894351924462,20.1022965964085,-25.0625));
#2352=CARTESIAN_POINT('Ctrl Pts',(0.,20.,-25.0625));
#2353=CARTESIAN_POINT('Origin',(1.,20.,-22.5625));
#2354=CARTESIAN_POINT('Origin',(0.,-2.5,0.));
#2355=CARTESIAN_POINT('',(0.,0.,5.));
#2356=CARTESIAN_POINT('',(0.,-5.,5.));
#2357=CARTESIAN_POINT('',(0.,-2.5,5.));
#2358=CARTESIAN_POINT('',(0.,0.,-5.));
#2359=CARTESIAN_POINT('Origin',(0.,0.,0.));
#2360=CARTESIAN_POINT('',(0.,-5.,-5.));
#2361=CARTESIAN_POINT('',(0.,-2.5,-5.));
#2362=CARTESIAN_POINT('Origin',(0.,-5.,0.));
#2363=CARTESIAN_POINT('Origin',(0.,-5.,0.));
#2364=CARTESIAN_POINT('',(0.,-5.,-25.0625));
#2365=CARTESIAN_POINT('',(0.,-5.,0.));
#2366=CARTESIAN_POINT('',(0.,-5.,25.0625));
#2367=CARTESIAN_POINT('Origin',(0.,-5.,0.));
#2368=CARTESIAN_POINT('',(0.,-5.,0.));
#2369=CARTESIAN_POINT('Origin',(0.,57.6,0.));
#2370=CARTESIAN_POINT('',(0.,0.,-20.0625));
#2371=CARTESIAN_POINT('',(0.,0.,0.));
#2372=CARTESIAN_POINT('',(0.,20.,-20.0625));
#2373=CARTESIAN_POINT('',(0.,0.,-20.0625));
#2374=CARTESIAN_POINT('Origin',(0.,20.,-22.5625));
#2375=CARTESIAN_POINT('',(0.,0.,-25.0625));
#2376=CARTESIAN_POINT('Origin',(-4.,53.1903129736288,4.5375));
#2377=CARTESIAN_POINT('',(23.7664146419587,53.1903129736288,7.95527757633205));
#2378=CARTESIAN_POINT('',(24.6483265152018,53.1903129736288,4.5375));
#2379=CARTESIAN_POINT('Origin',(0.,53.1903129736288,0.));
#2380=CARTESIAN_POINT('',(18.4178572296972,53.1903129736288,7.95527757633205));
#2381=CARTESIAN_POINT('',(-4.,53.1903129736288,7.95527757633205));
#2382=CARTESIAN_POINT('',(19.5426456755476,53.1903129736288,4.5375));
#2383=CARTESIAN_POINT('Origin',(0.,53.1903129736288,0.));
#2384=CARTESIAN_POINT('',(-2.,53.1903129736288,4.5375));
#2385=CARTESIAN_POINT('Origin',(-4.,53.1903129736288,7.95527757633205));
#2386=CARTESIAN_POINT('',(23.7664146419587,23.2,7.95527757633205));
#2387=CARTESIAN_POINT('',(23.7664146419587,0.,7.95527757633205));
#2388=CARTESIAN_POINT('',(18.4178572296972,23.2,7.95527757633205));
#2389=CARTESIAN_POINT('',(-4.,23.2,7.95527757633205));
#2390=CARTESIAN_POINT('',(18.4178572296972,0.,7.95527757633205));
#2391=CARTESIAN_POINT('Origin',(0.,53.2,4.5375));
#2392=CARTESIAN_POINT('',(19.5426456755476,53.2,4.5375));
#2393=CARTESIAN_POINT('',(19.5426456755476,0.,4.5375));
#2394=CARTESIAN_POINT('',(24.6483265152018,53.2,4.5375));
#2395=CARTESIAN_POINT('',(0.,53.2,4.5375));
#2396=CARTESIAN_POINT('',(24.6483265152018,0.,4.5375));
#2397=CARTESIAN_POINT('Origin',(0.,0.,0.));
#2398=CARTESIAN_POINT('',(0.,115.2,-20.0625));
#2399=CARTESIAN_POINT('',(0.,95.2,-20.0625));
#2400=CARTESIAN_POINT('',(0.,0.,-20.0625));
#2401=CARTESIAN_POINT('',(0.,0.,-20.0625));
#2402=CARTESIAN_POINT('',(0.,0.,20.0625));
#2403=CARTESIAN_POINT('Origin',(0.,0.,0.));
#2404=CARTESIAN_POINT('',(0.,0.,20.0625));
#2405=CARTESIAN_POINT('',(0.,0.,20.0625));
#2406=CARTESIAN_POINT('',(0.,115.2,20.0625));
#2407=CARTESIAN_POINT('',(0.,0.,20.0625));
#2408=CARTESIAN_POINT('Origin',(0.,115.2,0.));
#2409=CARTESIAN_POINT('',(18.1903820740522,23.2,-8.4625));
#2410=CARTESIAN_POINT('Origin',(0.,23.2,0.));
#2411=CARTESIAN_POINT('',(18.1903820740522,53.2,-8.4625));
#2412=CARTESIAN_POINT('',(18.1903820740522,0.,-8.4625));
#2413=CARTESIAN_POINT('Origin',(0.,53.2,0.));
#2414=CARTESIAN_POINT('Origin',(0.,0.,0.));
#2415=CARTESIAN_POINT('',(0.,0.,0.));
#2416=CARTESIAN_POINT('Origin',(0.,57.6,0.));
#2417=CARTESIAN_POINT('',(0.,0.,25.0625));
#2418=CARTESIAN_POINT('Origin',(0.,23.2,-8.4625));
#2419=CARTESIAN_POINT('',(23.5905701499561,53.2,-8.4625));
#2420=CARTESIAN_POINT('',(23.5905701499561,23.2,-8.4625));
#2421=CARTESIAN_POINT('',(23.5905701499561,0.,-8.4625));
#2422=CARTESIAN_POINT('',(0.,53.2,-8.4625));
#2423=CARTESIAN_POINT('',(0.,23.2,-8.4625));
#2424=CARTESIAN_POINT('Origin',(0.,23.2,4.5375));
#2425=CARTESIAN_POINT('Origin',(0.,23.2,0.));
#2426=CARTESIAN_POINT('Origin',(0.,53.2,-8.4625));
#2427=CARTESIAN_POINT('Origin',(0.,53.2,0.));
#2428=CARTESIAN_POINT('Origin',(1.,20.,-22.5625));
#2429=CARTESIAN_POINT('',(1.,19.6847349813902,-25.0425419286861));
#2430=CARTESIAN_POINT('',(1.,0.,-25.0425419286861));
#2431=CARTESIAN_POINT('Origin',(1.,20.,-22.5625));
#2432=CARTESIAN_POINT('Origin',(0.,20.,-22.5625));
#2433=CARTESIAN_POINT('Ctrl Pts',(0.,20.,-25.0625));
#2434=CARTESIAN_POINT('Ctrl Pts',(0.323894351924462,19.8977034035915,-25.0625));
#2435=CARTESIAN_POINT('Ctrl Pts',(0.658495627893897,19.79201061717,-25.0561788978515));
#2436=CARTESIAN_POINT('Ctrl Pts',(1.,19.6847349813902,-25.0425419286861));
#2437=CARTESIAN_POINT('Origin',(0.,20.,-22.5625));
#2438=CARTESIAN_POINT('Origin',(1.,95.2,-22.5625));
#2439=CARTESIAN_POINT('',(1.,94.8847349813902,-25.0425419286861));
#2440=CARTESIAN_POINT('',(1.,0.,-25.0425419286861));
#2441=CARTESIAN_POINT('Origin',(1.,95.2,-22.5625));
#2442=CARTESIAN_POINT('Origin',(0.,95.2,-22.5625));
#2443=CARTESIAN_POINT('Ctrl Pts',(0.,95.2,-25.0625));
#2444=CARTESIAN_POINT('Ctrl Pts',(0.323894351924462,95.0977034035915,-25.0625));
#2445=CARTESIAN_POINT('Ctrl Pts',(0.658495627893888,94.99201061717,-25.0561788978515));
#2446=CARTESIAN_POINT('Ctrl Pts',(0.99999999999999,94.8847349813902,-25.0425419286861));
#2447=CARTESIAN_POINT('Origin',(0.,95.2,-22.5625));
#2448=CARTESIAN_POINT('Origin',(0.,95.2,-22.5625));
#2449=CARTESIAN_POINT('Origin',(0.,20.,22.5625));
#2450=CARTESIAN_POINT('',(1.,20.3152650186098,25.0425419286861));
#2451=CARTESIAN_POINT('Origin',(1.,20.,22.5625));
#2452=CARTESIAN_POINT('Ctrl Pts',(0.,20.,25.0625));
#2453=CARTESIAN_POINT('Ctrl Pts',(0.323894351924462,20.1022965964085,25.0625));
#2454=CARTESIAN_POINT('Ctrl Pts',(0.658495627893896,20.20798938283,25.0561788978515));
#2455=CARTESIAN_POINT('Ctrl Pts',(1.,20.3152650186098,25.0425419286861));
#2456=CARTESIAN_POINT('Origin',(0.,20.,22.5625));
#2457=CARTESIAN_POINT('Origin',(1.,20.,22.5625));
#2458=CARTESIAN_POINT('',(1.,0.,25.0425419286861));
#2459=CARTESIAN_POINT('Origin',(0.,95.2,22.5625));
#2460=CARTESIAN_POINT('',(1.,95.5152650186099,25.0425419286861));
#2461=CARTESIAN_POINT('Origin',(1.,95.2,22.5625));
#2462=CARTESIAN_POINT('Ctrl Pts',(0.,95.2,25.0625));
#2463=CARTESIAN_POINT('Ctrl Pts',(0.323894351924463,95.3022965964085,25.0625));
#2464=CARTESIAN_POINT('Ctrl Pts',(0.658495627893899,95.40798938283,25.0561788978515));
#2465=CARTESIAN_POINT('Ctrl Pts',(1.,95.5152650186099,25.0425419286861));
#2466=CARTESIAN_POINT('Origin',(0.,95.2,22.5625));
#2467=CARTESIAN_POINT('Origin',(1.,95.2,22.5625));
#2468=CARTESIAN_POINT('',(1.,0.,25.0425419286861));
#2469=CARTESIAN_POINT('Origin',(0.,57.6,0.));
#2470=CARTESIAN_POINT('',(0.,0.,25.0625));
#2471=CARTESIAN_POINT('Origin',(0.,57.6,0.));
#2472=CARTESIAN_POINT('',(0.,115.2,0.));
#2473=CARTESIAN_POINT('',(0.,120.2,25.0625));
#2474=CARTESIAN_POINT('',(0.,0.,25.0625));
#2475=CARTESIAN_POINT('',(0.,120.2,-25.0625));
#2476=CARTESIAN_POINT('',(0.,120.2,0.));
#2477=CARTESIAN_POINT('',(0.,0.,-25.0625));
#2478=CARTESIAN_POINT('Origin',(0.,57.6,0.));
#2479=CARTESIAN_POINT('',(0.,0.,-25.0625));
#2480=CARTESIAN_POINT('Origin',(0.,0.,0.));
#2481=CARTESIAN_POINT('Origin',(0.,120.2,0.));
#2482=CARTESIAN_POINT('Origin',(0.,115.2,0.));
#2483=CARTESIAN_POINT('Origin',(0.,120.2,0.));
#2484=CARTESIAN_POINT('Origin',(0.,23.2,-8.4625));
#2485=CARTESIAN_POINT('',(-4.,53.2,-8.4625));
#2486=CARTESIAN_POINT('',(-4.,23.2,-8.4625));
#2487=CARTESIAN_POINT('',(-4.,40.0042816920566,-8.4625));
#2488=CARTESIAN_POINT('',(-5.,53.2,-8.4625));
#2489=CARTESIAN_POINT('',(0.,53.2,-8.4625));
#2490=CARTESIAN_POINT('',(-5.,23.2,-8.4625));
#2491=CARTESIAN_POINT('',(-5.,40.3999993562698,-8.4625));
#2492=CARTESIAN_POINT('',(0.,23.2,-8.4625));
#2493=CARTESIAN_POINT('Origin',(0.,23.2,4.5375));
#2494=CARTESIAN_POINT('',(-4.,23.2,4.5375));
#2495=CARTESIAN_POINT('',(-4.,23.2,2.14375021792948));
#2496=CARTESIAN_POINT('',(-5.,23.2,4.5375));
#2497=CARTESIAN_POINT('',(-5.,23.2,2.14375017974526));
#2498=CARTESIAN_POINT('',(0.,23.2,4.5375));
#2499=CARTESIAN_POINT('Origin',(0.,53.2,4.5375));
#2500=CARTESIAN_POINT('',(-4.,53.2,4.5375));
#2501=CARTESIAN_POINT('',(-4.,55.0042816920566,4.5375));
#2502=CARTESIAN_POINT('',(-5.,53.2,4.5375));
#2503=CARTESIAN_POINT('',(-5.,55.3999993562698,4.5375));
#2504=CARTESIAN_POINT('',(0.,53.2,4.5375));
#2505=CARTESIAN_POINT('Origin',(0.,53.2,-8.4625));
#2506=CARTESIAN_POINT('',(-4.,53.2,-4.35624978207052));
#2507=CARTESIAN_POINT('',(-5.,53.2,-4.35624982025474));
#2508=CARTESIAN_POINT('Origin',(0.,55.1999974250793,-15.7509362991969));
#2509=CARTESIAN_POINT('',(0.,53.1999974250793,-15.7509362991969));
#2510=CARTESIAN_POINT('Origin',(0.,55.1999974250793,-15.7509362991969));
#2511=CARTESIAN_POINT('',(-5.,53.1999974250793,-15.7509362991969));
#2512=CARTESIAN_POINT('',(0.,53.1999974250793,-15.7509362991969));
#2513=CARTESIAN_POINT('Origin',(-5.,55.1999974250793,-15.7509362991969));
#2514=CARTESIAN_POINT('Origin',(0.,55.1999974250793,15.2490637008031));
#2515=CARTESIAN_POINT('',(0.,53.1999974250794,15.2490637008031));
#2516=CARTESIAN_POINT('Origin',(0.,55.1999974250793,15.2490637008031));
#2517=CARTESIAN_POINT('',(-5.,53.1999974250794,15.2490637008031));
#2518=CARTESIAN_POINT('',(0.,53.1999974250794,15.2490637008031));
#2519=CARTESIAN_POINT('Origin',(-5.,55.1999974250793,15.2490637008031));
#2520=CARTESIAN_POINT('Origin',(0.,115.199997425079,-13.5509362991969));
#2521=CARTESIAN_POINT('',(0.,115.199997425079,-13.5509362991969));
#2522=CARTESIAN_POINT('',(0.,0.,-13.5509362991969));
#2523=CARTESIAN_POINT('',(0.,86.3999980688095,-13.5509362991969));
#2524=CARTESIAN_POINT('',(-4.,115.199997425079,-13.5509362991969));
#2525=CARTESIAN_POINT('',(0.,115.199997425079,-13.5509362991969));
#2526=CARTESIAN_POINT('',(-4.,0.,-13.5509362991969));
#2527=CARTESIAN_POINT('',(-4.,0.,-13.5509362991969));
#2528=CARTESIAN_POINT('',(0.,0.,-13.5509362991969));
#2529=CARTESIAN_POINT('Origin',(0.,115.199997425079,19.0000002831221));
#2530=CARTESIAN_POINT('',(0.,115.199997425079,13.000000435859));
#2531=CARTESIAN_POINT('',(-4.,115.199997425079,13.000000435859));
#2532=CARTESIAN_POINT('',(0.,115.199997425079,13.000000435859));
#2533=CARTESIAN_POINT('',(-4.,115.199997425079,9.36226617572656));
#2534=CARTESIAN_POINT('',(0.,115.199997425079,-19.499999564141));
#2535=CARTESIAN_POINT('',(0.,115.199997425079,19.0000002831221));
#2536=CARTESIAN_POINT('',(-5.,115.199997425079,-19.499999564141));
#2537=CARTESIAN_POINT('',(0.,115.199997425079,-19.499999564141));
#2538=CARTESIAN_POINT('',(-5.,115.199997425079,19.0000002831221));
#2539=CARTESIAN_POINT('',(-5.,115.199997425079,19.0000002831221));
#2540=CARTESIAN_POINT('',(0.,115.199997425079,19.0000002831221));
#2541=CARTESIAN_POINT('',(0.,115.199997425079,19.0000002831221));
#2542=CARTESIAN_POINT('',(0.,115.199997425079,19.0000002831221));
#2543=CARTESIAN_POINT('Origin',(0.,57.5999987125397,-0.249999640509486));
#2544=CARTESIAN_POINT('',(0.,0.,-19.499999564141));
#2545=CARTESIAN_POINT('',(0.,0.,-19.499999564141));
#2546=CARTESIAN_POINT('',(0.,115.199997425079,-19.499999564141));
#2547=CARTESIAN_POINT('Origin',(0.,57.5999987125397,-0.249999640509486));
#2548=CARTESIAN_POINT('',(0.,0.,13.000000435859));
#2549=CARTESIAN_POINT('',(0.,83.8000001758337,13.000000435859));
#2550=CARTESIAN_POINT('',(0.,0.,19.0000002831221));
#2551=CARTESIAN_POINT('',(0.,0.,19.0000002831221));
#2552=CARTESIAN_POINT('',(0.,0.,-19.499999564141));
#2553=CARTESIAN_POINT('Origin',(0.,0.,-19.499999564141));
#2554=CARTESIAN_POINT('',(-4.,0.,13.000000435859));
#2555=CARTESIAN_POINT('',(-4.,0.,-9.88773374790499));
#2556=CARTESIAN_POINT('',(0.,0.,13.000000435859));
#2557=CARTESIAN_POINT('',(-5.,0.,19.0000002831221));
#2558=CARTESIAN_POINT('',(0.,0.,19.0000002831221));
#2559=CARTESIAN_POINT('',(-5.,0.,-19.499999564141));
#2560=CARTESIAN_POINT('',(-5.,0.,-19.499999564141));
#2561=CARTESIAN_POINT('',(0.,0.,-19.499999564141));
#2562=CARTESIAN_POINT('Origin',(0.,3.61712512909865,13.000000435859));
#2563=CARTESIAN_POINT('',(-4.,115.199997425079,13.000000435859));
#2564=CARTESIAN_POINT('Origin',(-4.,56.8085633841132,-0.249999564141032));
#2565=CARTESIAN_POINT('Origin',(0.,115.199997425079,-19.499999564141));
#2566=CARTESIAN_POINT('',(-5.,115.199997425079,-19.499999564141));
#2567=CARTESIAN_POINT('Origin',(0.,0.,19.0000002831221));
#2568=CARTESIAN_POINT('',(-5.,0.,19.0000002831221));
#2569=CARTESIAN_POINT('Origin',(-5.,57.5999987125397,-0.249999640509486));
#2570=CARTESIAN_POINT('Origin',(0.,-13.,0.));
#2571=CARTESIAN_POINT('',(-8.06021598883496,-29.,-9.87091771116305E-16));
#2572=CARTESIAN_POINT('Origin',(0.,-29.,0.));
#2573=CARTESIAN_POINT('',(-8.06021598883496,-13.,-9.87091771116305E-16));
#2574=CARTESIAN_POINT('',(-8.06021598883496,-13.,-9.87091771116305E-16));
#2575=CARTESIAN_POINT('Origin',(0.,-13.,0.));
#2576=CARTESIAN_POINT('Origin',(0.,-29.,0.));
#2577=CARTESIAN_POINT('',(0.,-29.,5.));
#2578=CARTESIAN_POINT('Origin',(0.,-29.,0.));
#2579=CARTESIAN_POINT('Origin',(0.,-7.5,0.));
#2580=CARTESIAN_POINT('',(6.12323399573677E-16,-5.,5.));
#2581=CARTESIAN_POINT('',(6.12323399573677E-16,-7.5,5.));
#2582=CARTESIAN_POINT('Origin',(0.,-5.,0.));
#2583=CARTESIAN_POINT('Origin',(0.,-5.,0.));
#2584=CARTESIAN_POINT('',(-9.,-5.,-1.10218211923262E-15));
#2585=CARTESIAN_POINT('Origin',(0.,-5.,0.));
#2586=CARTESIAN_POINT('Origin',(0.,-5.,0.));
#2587=CARTESIAN_POINT('',(-9.,-5.,-1.10218211923262E-15));
#2588=UNCERTAINTY_MEASURE_WITH_UNIT(LENGTH_MEASURE(0.01),#2592,
'DISTANCE_ACCURACY_VALUE',
'Maximum model space distance between geometric entities at asserted c
onnectivities');
#2589=UNCERTAINTY_MEASURE_WITH_UNIT(LENGTH_MEASURE(0.01),#2592,
'DISTANCE_ACCURACY_VALUE',
'Maximum model space distance between geometric entities at asserted c
onnectivities');
#2590=(
GEOMETRIC_REPRESENTATION_CONTEXT(3)
GLOBAL_UNCERTAINTY_ASSIGNED_CONTEXT((#2588))
GLOBAL_UNIT_ASSIGNED_CONTEXT((#2592,#2594,#2595))
REPRESENTATION_CONTEXT('','3D')
);
#2591=(
GEOMETRIC_REPRESENTATION_CONTEXT(3)
GLOBAL_UNCERTAINTY_ASSIGNED_CONTEXT((#2589))
GLOBAL_UNIT_ASSIGNED_CONTEXT((#2592,#2594,#2595))
REPRESENTATION_CONTEXT('','3D')
);
#2592=(
LENGTH_UNIT()
NAMED_UNIT(*)
SI_UNIT(.MILLI.,.METRE.)
);
#2593=(
LENGTH_UNIT()
NAMED_UNIT(*)
SI_UNIT($,.METRE.)
);
#2594=(
NAMED_UNIT(*)
PLANE_ANGLE_UNIT()
SI_UNIT($,.RADIAN.)
);
#2595=(
NAMED_UNIT(*)
SI_UNIT($,.STERADIAN.)
SOLID_ANGLE_UNIT()
);
#2596=SHAPE_DEFINITION_REPRESENTATION(#2597,#2598);
#2597=PRODUCT_DEFINITION_SHAPE('',$,#2600);
#2598=SHAPE_REPRESENTATION('',(#1511),#2590);
#2599=PRODUCT_DEFINITION_CONTEXT('part definition',#2604,'design');
#2600=PRODUCT_DEFINITION('2026-05-12-22-40-57-730',
'Thermometer top part',#2601,#2599);
#2601=PRODUCT_DEFINITION_FORMATION('',$,#2606);
#2602=PRODUCT_RELATED_PRODUCT_CATEGORY('Thermometer top part',
'Thermometer top part',(#2606));
#2603=APPLICATION_PROTOCOL_DEFINITION('international standard',
'automotive_design',2009,#2604);
#2604=APPLICATION_CONTEXT(
'Core Data for Automotive Mechanical Design Process');
#2605=PRODUCT_CONTEXT('part definition',#2604,'mechanical');
#2606=PRODUCT('2026-05-12-22-40-57-730','Thermometer top part',$,(#2605));
#2607=PRESENTATION_STYLE_ASSIGNMENT((#2608));
#2608=SURFACE_STYLE_USAGE(.BOTH.,#2609);
#2609=SURFACE_SIDE_STYLE('',(#2610));
#2610=SURFACE_STYLE_FILL_AREA(#2611);
#2611=FILL_AREA_STYLE('Steel - Satin',(#2612));
#2612=FILL_AREA_STYLE_COLOUR('Steel - Satin',#2613);
#2613=COLOUR_RGB('Steel - Satin',0.627450980392157,0.627450980392157,0.627450980392157);
ENDSEC;
END-ISO-10303-21;
